日期,华泰柏瑞沪深300ETF,南方中证1000ETF,华泰柏瑞上证红利ETF,海富通上证城投债ETF,平安中证5-10年国债活跃券ETF,平安中债债利差因子ETF,沪金主连,十债主连
2019-04-01,3.627,1.985,2.214,7.844,91.393,88.076,282.1,97.45
2019-04-02,3.62,1.996,2.212,7.843,91.393,87.8,282.15,97.255
2019-04-03,3.673,2.012,2.244,7.843,91.283,87.601,282.9,96.75
2019-04-04,3.72,2.023,2.279,7.845,91.073,87.95,282.95,96.46
2019-04-08,3.694,2.004,2.294,7.833,90.798,87.61,284.15,96.68
2019-04-09,3.718,2.012,2.287,7.836,90.774,87.612,284.4,96.5
2019-04-10,3.724,2.006,2.28,7.838,90.774,87.611,285.8,96.705
2019-04-11,3.654,1.963,2.253,7.842,90.846,87.53,286.15,96.85
2019-04-12,3.64,1.968,2.229,7.843,90.633,87.551,283.3,96.645
2019-04-15,3.615,1.952,2.223,7.843,90.679,87.6,281.75,96.37
2019-04-16,3.735,1.993,2.263,7.842,90.432,87.52,281.5,96.165
2019-04-17,3.725,2.012,2.267,7.843,90.274,87.5,280.0,96.42
2019-04-18,3.718,2.001,2.243,7.85,90.273,87.503,278.2,96.48
2019-04-19,3.778,2.02,2.25,7.854,90.518,87.494,279.5,96.39
2019-04-22,3.675,1.993,2.19,7.846,90.367,86.963,280.3,96.22
2019-04-23,3.668,1.957,2.163,7.873,90.363,87.5,279.0,96.32
2019-04-24,3.674,1.982,2.184,7.878,90.313,87.397,278.85,95.91
2019-04-25,3.591,1.9,2.117,7.872,90.36,87.278,280.4,96.09
2019-04-26,3.537,1.878,2.083,7.87,90.303,87.591,281.45,96.37
2019-04-29,3.552,1.81,2.065,7.873,90.223,87.398,281.3,96.2
2019-04-30,3.554,1.829,2.092,7.883,90.291,87.499,281.55,96.675
2019-05-06,3.331,1.675,1.959,7.885,90.651,87.399,282.7,96.84
2019-05-07,3.365,1.706,1.989,7.871,90.682,87.7,282.4,96.765
2019-05-08,3.317,1.703,1.959,7.871,90.715,87.4,283.95,96.905
2019-05-09,3.265,1.686,1.918,7.885,90.748,87.35,284.1,97.08
2019-05-10,3.378,1.755,1.978,7.893,90.643,87.5,284.45,97.14
2019-05-13,3.31,1.736,1.94,7.914,90.748,87.5,289.2,97.41
2019-05-14,3.292,1.727,1.924,7.922,91.073,87.5,292.75,97.29
2019-05-15,3.37,1.768,1.965,7.922,90.992,87.592,291.25,97.315
2019-05-16,3.388,1.779,1.978,7.923,91.093,87.549,292.35,97.38
2019-05-17,3.304,1.719,1.922,7.922,91.273,87.3,291.7,97.44
2019-05-20,3.264,1.711,1.909,7.918,91.093,87.571,289.4,96.88
2019-05-21,3.309,1.744,1.936,7.917,90.973,87.571,289.15,96.64
2019-05-22,3.3,1.741,1.933,7.917,91.123,87.5515,288.9,96.57
2019-05-23,3.242,1.7,1.905,7.919,90.973,87.532,289.35,96.79
2019-05-24,3.248,1.678,1.905,7.923,90.898,87.725,291.1,96.77
2019-05-27,3.291,1.73,1.932,7.924,90.901,87.725,291.25,96.3
2019-05-28,3.308,1.727,1.933,7.932,90.9245,87.818,291.0,96.54
2019-05-29,3.31,1.733,1.936,7.927,90.948,87.564,291.45,96.87
2019-05-30,3.308,1.725,1.936,7.926,91.049,87.5,290.1,96.885
2019-05-31,3.29,1.722,1.931,7.926,91.273,87.549,293.45,96.93
2019-06-03,3.298,1.7,1.919,7.925,91.409,87.501,296.7,97.2
2019-06-04,3.265,1.665,1.909,7.934,91.423,87.33,299.75,97.355
2019-06-05,3.257,1.67,1.92,7.934,91.423,87.528,301.7,97.505
2019-06-06,3.226,1.626,1.893,7.933,91.423,87.514,301.7,97.47
2019-06-10,3.272,1.648,1.917,7.938,91.473,87.516,300.85,97.41
2019-06-11,3.385,1.714,1.977,7.941,91.373,87.4,299.55,97.095
2019-06-12,3.357,1.7,1.959,7.948,91.443,87.4,302.6,97.13
2019-06-13,3.35,1.711,1.95,7.946,91.513,87.4,303.2,97.34
2019-06-14,3.328,1.673,1.926,7.949,91.583,87.876,307.75,97.575
2019-06-17,3.331,1.67,1.934,7.945,91.523,87.871,304.1,97.665
2019-06-18,3.339,1.67,1.937,7.943,91.523,87.79,306.15,97.49
2019-06-19,3.393,1.695,1.956,7.941,91.548,87.531,304.3,97.36
2019-06-20,3.501,1.725,2.004,7.941,91.573,88.09,311.25,97.37
2019-06-21,3.508,1.758,2.01,7.929,91.573,88.11,313.6,97.475
2019-06-24,3.514,1.752,2.012,7.928,91.588,88.11500000000001,315.8,97.31
2019-06-25,3.475,1.736,1.987,7.928,91.931,88.12,321.8,97.395
2019-06-26,3.476,1.736,1.993,7.928,91.673,88.202,316.4,97.265
2019-06-27,3.518,1.752,2.015,7.932,91.673,88.202,315.6,97.21
2019-06-28,3.517,1.725,2.004,7.939,91.673,88.237,316.85,97.54
2019-07-01,3.612,1.782,2.044,7.938,91.653,88.7,308.85,97.605
2019-07-02,3.618,1.782,2.057,7.937,91.773,88.5,312.05,98.06
2019-07-03,3.585,1.766,2.059,7.938,92.173,88.636,321.1,98.23
2019-07-04,3.559,1.758,2.056,7.94,92.073,88.636,317.65,98.215
2019-07-05,3.579,1.766,2.061,7.94,92.073,88.636,318.0,98.04
2019-07-08,3.489,1.703,2.0,7.943,92.091,88.733,316.35,97.97
2019-07-09,3.48,1.711,1.997,7.944,92.10499999999999,88.641,313.45,98.16
2019-07-10,3.481,1.697,1.981,7.95,92.119,88.371,313.2,98.11
2019-07-11,3.482,1.695,1.982,7.949,92.133,89.12,319.0,98.115
2019-07-12,3.513,1.7,1.995,7.958,92.133,88.691,316.65,98.29
2019-07-15,3.527,1.714,1.996,7.963,92.153,88.689,317.75,97.99
2019-07-16,3.511,1.722,1.998,7.963,92.1455,88.6,317.75,98.035
2019-07-17,3.505,1.725,1.995,7.963,92.138,88.56733333333332,315.8,98.085
2019-07-18,3.48,1.697,1.969,7.964,92.128,88.53466666666667,319.1,98.27
2019-07-19,3.52,1.714,1.986,7.964,92.323,88.502,323.3,98.25
2019-07-22,3.49,1.673,1.965,7.965,92.3155,88.49833333333333,320.65,98.375
2019-07-23,3.499,1.708,1.976,7.97,92.308,88.49466666666666,318.7,98.38
2019-07-24,3.53,1.727,1.997,7.971,92.373,88.491,319.65,98.145
2019-07-25,3.565,1.741,2.012,7.976,92.371,88.799,320.3,98.2
2019-07-26,3.57,1.744,2.023,7.983,92.323,88.403,319.1,98.24
2019-07-29,3.564,1.741,2.028,7.987,92.323,88.407,319.6,98.055
2019-07-30,3.582,1.749,2.044,7.993,92.313,88.799,320.85,98.15
2019-07-31,3.554,1.736,2.026,7.998,92.473,88.799,322.25,98.39
2019-08-01,3.518,1.727,2.005,7.999,92.473,88.792,316.6,98.445
2019-08-02,3.459,1.703,1.969,8.004,92.823,88.789,324.25,98.72
2019-08-05,3.393,1.678,1.924,8.008,93.046,88.8,334.0,99.065
2019-08-06,3.354,1.637,1.878,8.021,93.25,88.8,335.55,99.065
2019-08-07,3.33,1.634,1.87,8.021,93.023,88.89349999999999,341.8,99.135
2019-08-08,3.384,1.656,1.891,8.031,93.013,88.987,344.35,99.125
2019-08-09,3.355,1.648,1.893,8.06,92.993,88.9,345.9,99.27
2019-08-12,3.414,1.675,1.922,8.063,93.023,89.031,344.25,99.215
2019-08-13,3.382,1.67,1.906,8.043,93.173,89.031,352.3,99.345
2019-08-14,3.396,1.684,1.912,8.03,93.173,89.001,342.95,99.02
2019-08-15,3.411,1.689,1.926,8.011,93.273,89.199,347.4,98.925
2019-08-16,3.427,1.703,1.927,8.02,93.323,89.299,347.75,98.85
2019-08-19,3.517,1.76,1.971,8.025,93.423,89.001,346.4,98.955
2019-08-20,3.501,1.758,1.977,8.033,93.273,88.901,344.75,98.86
2019-08-21,3.5,1.76,1.976,8.045,93.193,88.904,345.35,98.65
2019-08-22,3.508,1.768,1.968,8.051,93.372,89.099,346.45,98.735
2019-08-23,3.535,1.763,1.975,8.059,93.323,89.001,346.25,98.775
2019-08-26,3.492,1.755,1.962,8.059,93.323,89.298,358.25,98.835
2019-08-27,3.532,1.79,1.998,8.059,93.323,89.298,358.7,98.915
2019-08-28,3.52,1.782,1.985,8.058,93.273,89.203,358.85,98.87
2019-08-29,3.509,1.785,1.972,8.062,93.254,89.298,362.8,99.235
2019-08-30,3.519,1.763,1.957,8.063,93.323,88.903,356.7,98.935
2019-09-02,3.562,1.807,1.988,8.07,93.273,88.91,355.8,98.775
2019-09-03,3.566,1.82,1.997,8.08,93.223,88.908,357.45,98.745
2019-09-04,3.615,1.84,2.033,8.081,93.22,89.099,359.0,98.885
2019-09-05,3.652,1.851,2.056,8.083,93.423,89.298,360.9,99.14
2019-09-06,3.679,1.862,2.068,8.082,93.603,89.101,349.2,99.17
2019-09-09,3.695,1.919,2.082,8.082,93.613,89.188,350.6,99.08
2019-09-10,3.684,1.919,2.073,8.082,93.473,89.1,344.85,98.9
2019-09-11,3.655,1.897,2.067,8.079,93.42349999999999,89.298,345.95,98.78
2019-09-12,3.696,1.911,2.084,8.074,93.374,89.1,346.15,98.49
2019-09-16,3.682,1.913,2.093,8.083,93.323,89.3,346.25,98.59
2019-09-17,3.609,1.875,2.058,8.092,93.326,89.621,344.95,98.42
2019-09-18,3.626,1.87,2.061,8.094,93.323,89.898,346.5,98.23
2019-09-19,3.645,1.886,2.064,8.103,93.273,89.6,346.0,98.425
2019-09-20,3.651,1.889,2.065,8.124,93.276,89.696,346.7,98.535
2019-09-23,3.616,1.878,2.037,8.128,93.231,89.652,350.3,98.475
2019-09-24,3.619,1.881,2.04,8.145,93.229,89.651,352.05,98.385
2019-09-25,3.592,1.845,2.013,8.147,93.233,89.749,353.85,98.505
2019-09-26,3.565,1.785,2.013,8.144,93.233,89.7,349.55,98.215
2019-09-27,3.574,1.801,1.999,8.143,93.23,89.698,346.35,98.045
2019-09-30,3.527,1.777,1.981,8.137,93.183,89.7,345.05,98.235
2019-10-08,3.552,1.782,1.991,8.153,93.273,89.939,344.5,98.495
2019-10-09,3.563,1.799,2.013,8.166,93.283,89.731,349.5,98.455
2019-10-10,3.591,1.826,2.025,8.166,93.463,89.751,347.7,98.32
2019-10-11,3.639,1.829,2.054,8.168,93.423,89.821,345.85,98.08
2019-10-14,3.668,1.856,2.08,8.179,93.023,89.831,340.7,98.15
2019-10-15,3.655,1.831,2.067,8.174,92.998,89.831,341.65,98.135
2019-10-16,3.641,1.818,2.06,8.188,93.073,89.995,340.2,98.095
2019-10-17,3.647,1.818,2.045,8.189,93.064,89.992,342.7,98.31
2019-10-18,3.589,1.796,2.016,8.193,93.073,89.99,342.0,98.04
2019-10-21,3.598,1.785,2.021,8.182,93.07,90.001,341.75,97.785
2019-10-22,3.613,1.807,2.025,8.185,92.97149999999999,89.901,340.45,97.76
2019-10-23,3.592,1.793,2.02,8.182,92.873,90.099,341.95,97.875
2019-10-24,3.597,1.79,2.025,8.178,93.016,89.802,341.5,97.835
2019-10-25,3.621,1.804,2.028,8.179,92.873,89.81,344.65,97.685
2019-10-28,3.644,1.853,2.038,8.17,92.773,89.999,344.6,97.42
2019-10-29,3.631,1.831,2.026,8.149,92.763,89.701,340.9,97.42
2019-10-30,3.605,1.815,1.995,8.139,92.573,90.095,340.55,97.11
2019-10-31,3.603,1.793,1.983,8.123,92.623,90.096,341.1,97.485
2019-11-01,3.684,1.81,2.007,8.125,92.673,90.09,344.05,97.5
2019-11-04,3.697,1.82,2.015,8.11,92.67,90.087,343.7,97.415
2019-11-05,3.72,1.829,2.029,8.094,92.743,89.801,341.4,97.795
2019-11-06,3.703,1.81,2.012,8.098,92.773,89.804,336.55,97.855
2019-11-07,3.708,1.82,2.019,8.113,92.783,89.797,338.35,97.81
2019-11-08,3.692,1.82,2.009,8.109,92.983,90.089,332.1,97.655
2019-11-11,3.625,1.771,1.958,8.105,92.773,90.086,331.5,97.97
2019-11-12,3.62,1.774,1.963,8.095,92.899,90.088,328.3,97.85
2019-11-13,3.617,1.768,1.95,8.098,92.903,90.099,331.85,97.98
2019-11-14,3.62,1.777,1.948,8.049,92.973,89.897,332.7,97.895
2019-11-15,3.601,1.76,1.933,8.049,93.12299999999999,89.897,331.9,98.01
2019-11-18,3.629,1.771,1.947,8.049,93.273,89.897,332.05,98.06
2019-11-19,3.669,1.81,1.968,8.044,93.323,89.897,334.05,98.165
2019-11-20,3.628,1.793,1.956,8.017,93.373,89.901,336.5,98.125
2019-11-21,3.608,1.796,1.954,8.016,93.473,89.905,336.0,98.175
2019-11-22,3.566,1.774,1.956,7.978,93.476,89.908,334.95,98.145
2019-11-25,3.594,1.76,1.987,8.01,93.474,89.911,332.65,97.915
2019-11-26,3.6,1.76,1.981,8.005,93.623,90.099,332.35,98.065
2019-11-27,3.594,1.763,1.975,8.009,93.62,90.099,333.15,98.01
2019-11-28,3.588,1.758,1.968,8.011,93.474,90.0975,332.05,98.015
2019-11-29,3.545,1.755,1.962,8.006,93.723,90.096,333.1,98.015
2019-12-02,3.553,1.76,1.97,7.973,93.675,90.002,333.5,97.685
2019-12-03,3.569,1.771,1.973,7.945,93.623,90.099,334.2,97.79
2019-12-04,3.571,1.774,1.959,7.949,93.62450000000001,90.102,340.4,97.875
2019-12-05,3.6,1.79,1.972,7.949,93.626,90.2,338.75,97.885
2019-12-06,3.624,1.807,1.967,7.965,93.623,90.2,336.4,97.715
2019-12-09,3.611,1.807,1.983,7.975,93.6215,90.197,333.6,97.655
2019-12-10,3.614,1.818,1.99,7.98,93.62,90.194,333.9,97.825
2019-12-11,3.62,1.812,2.005,7.987,93.617,90.191,334.12,97.925
2019-12-12,3.609,1.812,2.004,7.996,93.614,90.193,336.02,97.955
2019-12-13,3.688,1.842,2.035,7.998,93.611,90.19,331.76,97.76
2019-12-16,3.7,1.875,2.059,8.001,93.608,90.192,335.32,97.765
2019-12-17,3.762,1.897,2.078,8.009,93.605,90.036,335.14,97.53
2019-12-18,3.747,1.897,2.073,8.011,93.574,90.05,335.6,97.455
2019-12-19,3.74,1.913,2.081,8.049,93.398,90.064,335.18,97.56
2019-12-20,3.736,1.886,2.066,8.027,93.578,90.071,336.08,97.9
2019-12-23,3.684,1.84,2.035,8.068,93.654,90.101,337.18,97.985
2019-12-24,3.705,1.878,2.043,8.089,93.774,90.099,338.68,98.045
2019-12-25,3.712,1.892,2.043,8.129,93.823,90.204,340.62,98.13
2019-12-26,3.741,1.908,2.071,8.129,93.883,90.204,340.92,98.245
2019-12-27,3.737,1.892,2.073,8.157,93.97966666666666,90.204,345.3,98.195
2019-12-30,3.795,1.905,2.097,8.16,94.07633333333334,90.205,345.46,98.2
2019-12-31,3.816,1.916,2.115,8.162,94.173,90.208,347.48,98.135
2020-01-02,3.869,1.955,2.152,8.162,94.073,90.106,346.24,98.015
2020-01-03,3.859,1.963,2.145,8.159,94.073,90.126,351.16,97.975
2020-01-06,3.843,1.982,2.139,8.169,94.073,90.206,358.34,98.18
2020-01-07,3.875,2.015,2.159,8.179,94.322,90.3,354.94,98.005
2020-01-08,3.834,1.99,2.139,8.179,94.273,90.206,360.68,98.11
2020-01-09,3.878,2.017,2.162,8.194,94.173,90.205,348.04,98.23
2020-01-10,3.877,2.015,2.153,8.198,94.298,90.3,349.3,98.56
2020-01-13,3.922,2.042,2.164,8.203,94.572,90.295,349.42,98.5
2020-01-14,3.904,2.037,2.179,8.189,94.473,90.296,344.7,98.44
2020-01-15,3.872,2.034,2.169,8.199,94.374,90.322,347.54,98.525
2020-01-16,3.866,2.037,2.165,8.202,94.378,90.348,347.96,98.45
2020-01-17,3.871,2.026,2.146,8.201,94.474,90.295,347.78,98.62
2020-01-20,3.901,2.056,2.146,8.198,94.524,90.33033333333333,347.94,98.915
2020-01-21,3.825,2.034,2.095,8.199,94.724,90.36566666666667,351.34,99.165
2020-01-22,3.839,2.048,2.091,8.199,94.774,90.401,348.32,99.13
2020-01-23,3.716,1.974,2.029,8.214,95.174,90.501,350.72,99.69
2020-02-03,3.379,1.774,1.78,8.253,96.773,91.001,359.3,100.97
2020-02-04,3.49,1.799,1.844,8.249,96.473,90.901,356.2,100.785
2020-02-05,3.527,1.862,1.876,8.25,96.2735,91.001,354.22,100.865
2020-02-06,3.617,1.913,1.882,8.251,96.074,91.001,352.4,100.91
2020-02-07,3.608,1.933,1.876,8.251,96.273,91.001,354.3,101.18
2020-02-10,3.621,1.96,1.919,8.259,96.4,91.101,355.56,101.08
2020-02-11,3.663,1.955,1.933,8.269,96.527,91.205,354.6,100.73
2020-02-12,3.691,2.001,1.94,8.279,96.353,91.15299999999999,354.0,100.715
2020-02-13,3.67,1.99,1.924,8.277,96.375,91.101,356.52,100.87
2020-02-14,3.697,1.998,1.939,8.284,96.397,91.301,356.78,100.39
2020-02-17,3.784,2.075,1.984,8.295,96.273,91.301,357.9,99.745
2020-02-18,3.759,2.13,1.986,8.295,96.19999999999999,91.5,359.68,100.11
2020-02-19,3.76,2.113,1.984,8.299,96.127,91.6,364.06,100.1
2020-02-20,3.851,2.146,2.02,8.314,96.177,91.6,365.06,99.885
2020-02-21,3.865,2.195,2.036,8.315,96.028,91.505,371.9,100.23
2020-02-24,3.832,2.239,2.018,8.318,96.228,91.6,379.7,100.47
2020-02-25,3.824,2.25,1.984,8.318,96.273,91.7,371.74,100.45
2020-02-26,3.79,2.176,1.991,8.322,96.328,91.8,374.26,100.435
2020-02-27,3.791,2.176,1.993,8.333,96.528,92.103,374.3,100.625
2020-02-28,3.653,2.039,1.92,8.34,96.773,92.115,369.98,101.11
2020-03-02,3.796,2.151,1.999,8.356,96.785,92.29,361.24,100.93
2020-03-03,3.793,2.168,2.006,8.393,96.784,92.25,360.26,100.795
2020-03-04,3.822,2.179,2.03,8.428,96.984,92.194,368.54,101.22
2020-03-05,3.92,2.217,2.052,8.44,97.173,92.275,368.62,101.165
2020-03-06,3.841,2.203,2.029,8.443,97.373,92.275,376.08,101.48
2020-03-09,3.71,2.113,1.958,8.434,97.871,92.27,373.42,101.935
2020-03-10,3.798,2.171,1.995,8.396,98.073,92.194,368.64,101.2
2020-03-11,3.731,2.141,1.979,8.392,98.072,91.697,371.22,101.53
2020-03-12,3.668,2.091,1.938,8.399,97.873,91.887,367.26,101.315
2020-03-13,3.609,2.078,1.894,8.379,97.276,91.694,356.4,100.995
2020-03-16,3.446,1.974,1.836,8.381,97.268,91.887,347.18,101.065
2020-03-17,3.413,1.971,1.813,8.331,96.975,91.79,330.88,100.62
2020-03-18,3.351,1.941,1.787,8.34,96.973,91.794,339.08,101.025
2020-03-19,3.316,1.96,1.744,8.333,96.874,91.201,336.62,100.65
2020-03-20,3.364,1.987,1.769,8.367,96.773,91.447,339.78,100.825
2020-03-23,3.246,1.897,1.694,8.366,97.674,91.65,339.62,101.33
2020-03-24,3.331,1.927,1.736,8.371,97.475,91.541,358.46,101.375
2020-03-25,3.426,1.974,1.793,8.374,97.475,91.441,364.4,101.57
2020-03-26,3.403,1.957,1.775,8.393,97.574,91.641,363.34,101.77
2020-03-27,3.42,1.946,1.788,8.393,97.673,91.641,367.58,101.55
2020-03-30,3.386,1.892,1.766,8.394,97.673,92.12049999999999,364.7,101.615
2020-03-31,3.389,1.892,1.761,8.401,97.873,92.6,364.9,101.925
2020-04-01,3.393,1.886,1.745,8.424,98.373,92.6,358.62,102.13
2020-04-02,3.443,1.935,1.771,8.405,98.624,93.0,360.7,101.87
2020-04-03,3.417,1.922,1.764,8.413,98.373,93.1,363.48,101.5
2020-04-07,3.5,1.993,1.799,8.407,98.672,93.1,373.88,102.305
2020-04-08,3.485,1.996,1.8,8.414,98.872,92.925,370.2,102.675
2020-04-09,3.496,2.02,1.799,8.424,98.972,93.394,371.46,102.38
2020-04-10,3.484,1.987,1.782,8.424,98.772,93.1,373.74,102.195
2020-04-13,3.463,1.952,1.772,8.432,98.824,92.9,373.26,102.23
2020-04-14,3.525,1.99,1.796,8.437,98.774,92.9,377.6,102.215
2020-04-15,3.503,1.974,1.787,8.442,98.824,92.8,376.32,102.43
2020-04-16,3.505,1.996,1.779,8.444,98.971,93.0,379.38,102.59
2020-04-17,3.539,1.998,1.786,8.442,98.969,92.975,372.18,102.31
2020-04-20,3.555,2.037,1.789,8.44,98.969,92.95,370.8,102.125
2020-04-21,3.515,2.02,1.773,8.44,98.971,92.85,374.42,102.18
2020-04-22,3.549,2.039,1.774,8.44,99.013,92.901,373.18,102.445
2020-04-23,3.542,2.028,1.766,8.446,99.172,92.902,379.8,103.085
2020-04-24,3.51,1.996,1.748,8.459,100.073,93.22,382.78,103.315
2020-04-27,3.527,1.979,1.759,8.454,100.173,93.2,380.14,103.105
2020-04-28,3.551,1.952,1.741,8.463,100.072,93.202,377.1,103.26
2020-04-29,3.571,1.952,1.773,8.463,100.173,94.27,378.74,103.47
2020-04-30,3.628,2.001,1.814,8.468,100.273,94.25,380.28,102.94
2020-05-06,3.638,2.039,1.813,8.464,99.905,94.2,380.08,102.635
2020-05-07,3.631,2.037,1.814,8.453,99.772,94.099,378.18,102.105
2020-05-08,3.673,2.064,1.831,8.449,99.272,94.099,383.38,102.14
2020-05-11,3.666,2.058,1.829,8.425,99.073,94.149,381.74,101.635
2020-05-12,3.665,2.064,1.818,8.422,99.272,94.199,380.88,101.895
2020-05-13,3.674,2.08,1.82,8.426,99.173,93.8,381.86,101.655
2020-05-14,3.641,2.064,1.796,8.427,98.873,93.599,384.46,101.695
2020-05-15,3.622,2.075,1.791,8.433,99.273,93.799,390.16,101.12
2020-05-18,3.634,2.061,1.791,8.435,99.091,94.099,401.16,100.61
2020-05-19,3.663,2.094,1.799,8.434,98.863,93.699,394.5,100.7
2020-05-20,3.647,2.078,1.783,8.437,98.773,93.749,398.72,100.93
2020-05-21,3.621,2.042,1.775,8.435,98.822,93.799,395.06,101.04
2020-05-22,3.535,2.004,1.741,8.439,98.871,93.799,394.38,101.725
2020-05-25,3.537,2.004,1.74,8.441,98.723,93.199,393.54,101.215
2020-05-26,3.583,2.05,1.752,8.449,98.673,92.999,395.34,100.795
2020-05-27,3.565,2.037,1.764,8.449,98.518,92.999,391.2,100.925
2020-05-28,3.57,2.031,1.768,8.434,98.373,92.999,394.18,101.18
2020-05-29,3.586,2.056,1.754,8.436,98.372,93.415,394.42,100.985
2020-06-01,3.688,2.124,1.794,8.432,97.973,93.4,398.0,100.805
2020-06-02,3.699,2.121,1.8,8.425,97.969,93.1,396.96,100.3
2020-06-03,3.698,2.119,1.81,8.409,97.372,92.601,393.04,100.375
2020-06-04,3.7,2.132,1.821,8.419,97.372,92.36,389.74,100.105
2020-06-05,3.723,2.13,1.806,8.4,97.423,92.601,390.18,99.845
2020-06-08,3.742,2.13,1.816,8.374,97.372,92.301,386.28,100.175
2020-06-09,3.769,2.143,1.822,8.381,97.193,92.45,386.3,100.05
2020-06-10,3.76,2.141,1.812,8.384,97.22800000000001,92.399,390.4,100.125
2020-06-11,3.723,2.135,1.795,8.394,97.263,92.731,393.7,100.44
2020-06-12,3.733,2.138,1.792,8.395,97.272,93.063,393.62,100.655
2020-06-15,3.676,2.138,1.776,8.392,97.672,93.3,392.54,100.785
2020-06-16,3.738,2.182,1.804,8.393,97.172,93.1,392.4,100.16
2020-06-17,3.742,2.19,1.812,8.379,97.22200000000001,93.05,392.86,100.065
2020-06-18,3.773,2.184,1.833,8.379,97.272,93.0,392.18,100.195
2020-06-19,3.825,2.203,1.83,8.379,96.972,92.95,392.94,100.22
2020-06-22,3.829,2.214,1.818,8.419,96.972,92.9,397.5,99.95
2020-06-23,3.848,2.22,1.809,8.417,96.672,92.9,396.96,99.91
2020-06-24,3.884,2.212,1.812,8.413,96.725,92.605,400.06,100.145
2020-06-29,3.848,2.209,1.794,8.395,96.873,92.7,400.14,100.19
2020-06-30,3.898,2.242,1.811,8.401,96.673,92.4,400.72,100.315
2020-07-01,3.992,2.255,1.851,8.405,96.773,92.5,403.1,100.25
2020-07-02,4.09,2.283,1.908,8.399,96.871,92.438,399.06,100.275
2020-07-03,4.177,2.313,1.945,8.398,96.874,92.6,400.54,99.965
2020-07-06,4.504,2.411,2.128,8.358,96.573,92.6,399.66,98.935
2020-07-07,4.456,2.441,2.085,8.293,96.173,92.39,400.32,98.97
2020-07-08,4.518,2.491,2.125,8.344,95.878,92.3,402.36,98.535
2020-07-09,4.592,2.578,2.137,8.306,95.475,92.299,404.94,98.435
2020-07-10,4.505,2.57,2.075,8.301,95.574,92.298,401.88,98.57
2020-07-13,4.605,2.696,2.128,8.246,95.613,92.303,403.74,98.38
2020-07-14,4.562,2.655,2.112,8.191,95.863,92.308,403.02,98.62
2020-07-15,4.504,2.565,2.072,8.184,95.773,92.309,403.62,99.025
2020-07-16,4.276,2.436,2.0,8.193,96.171,92.463,402.12,99.27
2020-07-17,4.325,2.45,2.002,8.193,96.273,92.3,399.76,99.185
2020-07-20,4.447,2.532,2.103,8.187,96.273,92.6,401.78,99.245
2020-07-21,4.459,2.551,2.096,8.247,96.573,92.9,404.54,99.385
2020-07-22,4.512,2.578,2.097,8.251,96.673,92.399,414.22,99.77
2020-07-23,4.486,2.576,2.064,8.25,96.773,92.39966666666666,416.52,99.655
2020-07-24,4.274,2.452,1.987,8.229,96.72,92.40033333333334,420.4,99.985
2020-07-27,4.302,2.455,1.974,8.26,97.213,92.401,430.06,99.855
2020-07-28,4.337,2.482,1.993,8.269,96.874,92.401,429.94,99.5
2020-07-29,4.469,2.562,2.024,8.261,96.673,92.503,431.38,99.235
2020-07-30,4.434,2.554,2.026,8.269,96.475,92.70150000000001,428.94,99.16
2020-07-31,4.47,2.597,2.045,8.259,96.273,92.9,432.86,98.84
2020-08-03,4.545,2.685,2.106,8.264,96.274,92.8,431.4,99.07
2020-08-04,4.549,2.671,2.107,8.27,96.371,92.9,431.96,99.19
2020-08-05,4.551,2.693,2.092,8.269,96.343,92.8,444.06,98.99
2020-08-06,4.533,2.71,2.105,8.26,96.073,92.5,447.56,98.89
2020-08-07,4.485,2.666,2.1,8.259,96.073,92.7,449.72,98.795
2020-08-10,4.501,2.679,2.132,8.284,95.973,92.6,446.38,99.265
2020-08-11,4.454,2.617,2.119,8.304,96.268,92.62474999999999,436.94,99.195
2020-08-12,4.422,2.573,2.099,8.303,96.123,92.64949999999999,417.16,99.3
2020-08-13,4.407,2.584,2.123,8.325,96.263,92.67425,416.74,99.33
2020-08-14,4.498,2.622,2.137,8.321,96.146,92.699,420.3,99.5
2020-08-17,4.597,2.679,2.199,8.322,96.274,92.799,424.44,99.56
2020-08-18,4.59,2.707,2.202,8.327,96.461,92.8,433.94,99.365
2020-08-19,4.514,2.655,2.194,8.327,96.473,92.998,429.16,99.055
2020-08-20,4.463,2.614,2.179,8.351,96.423,92.951,418.28,98.185
2020-08-21,4.504,2.641,2.177,8.358,96.424,93.001,419.48,98.38
2020-08-24,4.534,2.671,2.181,8.358,96.275,92.85050000000001,415.54,98.285
2020-08-25,4.543,2.674,2.168,8.361,96.174,92.7,416.5,97.935
2020-08-26,4.484,2.603,2.128,8.35,96.174,93.0,415.66,97.71
2020-08-27,4.52,2.638,2.129,8.344,95.974,92.8,420.54,97.825
2020-08-28,4.637,2.674,2.161,8.314,95.673,92.6,420.4,97.795
2020-08-31,4.594,2.674,2.151,8.278,95.923,92.839,422.68,98.045
2020-09-01,4.628,2.69,2.149,8.304,96.121,92.759,426.98,97.97
2020-09-02,4.624,2.701,2.149,8.312,95.973,92.563,422.6,97.695
2020-09-03,4.604,2.671,2.144,8.314,95.723,92.75,415.3,97.845
2020-09-04,4.549,2.671,2.124,8.314,95.575,92.899,416.54,97.69
2020-09-07,4.452,2.619,2.111,8.314,95.373,92.845,416.36,97.59
2020-09-08,4.476,2.644,2.123,8.311,95.273,92.603,416.56,97.9
2020-09-09,4.365,2.556,2.101,8.314,95.273,92.651,416.5,98.27
2020-09-10,4.369,2.472,2.083,8.314,95.573,92.699,419.46,98.34
2020-09-11,4.405,2.51,2.08,8.322,95.473,92.713,418.34,97.86
2020-09-14,4.432,2.543,2.082,8.332,95.263,92.727,418.44,97.7
2020-09-15,4.467,2.562,2.09,8.304,95.424,92.7,419.8,98.035
2020-09-16,4.439,2.54,2.098,8.319,95.576,92.4,418.64,97.955
2020-09-17,4.41,2.554,2.101,8.343,95.573,92.6,415.62,97.885
2020-09-18,4.531,2.597,2.135,8.354,95.673,92.699,416.92,97.865
2020-09-21,4.476,2.597,2.123,8.363,95.633,92.5995,417.04,98.255
2020-09-22,4.419,2.545,2.091,8.369,95.673,92.5,407.58,98.545
2020-09-23,4.433,2.573,2.09,8.391,95.878,92.699,400.9,98.415
2020-09-24,4.356,2.504,2.051,8.388,95.875,92.65,396.58,98.345
2020-09-25,4.359,2.491,2.045,8.394,95.873,92.601,401.06,98.1
2020-09-28,4.369,2.461,2.047,8.373,95.58,92.4405,400.14,98.275
2020-09-29,4.38,2.485,2.047,8.393,95.673,92.28,405.9,98.045
2020-09-30,4.366,2.472,2.04,8.396,95.676,92.5,406.1,97.775
2020-10-09,4.459,2.545,2.077,8.377,95.622,92.55,405.36,97.455
2020-10-12,4.607,2.636,2.122,8.378,95.568,92.6,410.02,97.625
2020-10-13,4.623,2.647,2.117,8.374,95.38,92.5,408.54,97.535
2020-10-14,4.599,2.619,2.105,8.375,95.631,92.649,404.04,97.525
2020-10-15,4.587,2.597,2.097,8.386,95.531,92.99,403.62,97.355
2020-10-16,4.573,2.592,2.1,8.389,95.473,92.9,404.98,97.495
2020-10-19,4.542,2.573,2.089,8.389,95.673,93.2,404.9,97.815
2020-10-20,4.572,2.603,2.085,8.404,95.5735,92.817,403.58,97.875
2020-10-21,4.578,2.565,2.081,8.409,95.474,92.961,404.66,97.82
2020-10-22,4.562,2.548,2.069,8.413,95.475,93.199,404.86,98.13
2020-10-23,4.506,2.502,2.061,8.429,95.673,93.2,403.58,97.965
2020-10-26,4.47,2.499,2.045,8.43,95.475,93.5,401.56,97.99
2020-10-27,4.484,2.518,2.037,8.432,95.624,93.489,405.3,98.215
2020-10-28,4.524,2.515,2.041,8.434,95.773,93.59450000000001,405.36,98.14
2020-10-29,4.568,2.518,2.065,8.434,95.871,93.7,399.78,98.03
2020-10-30,4.477,2.452,2.049,8.436,95.631,93.6,397.1,98.085
2020-11-02,4.505,2.452,2.06,8.427,95.678,93.8,400.68,98.3
2020-11-03,4.556,2.507,2.078,8.438,95.7755,93.7,402.6,98.345
2020-11-04,4.593,2.493,2.103,8.443,95.873,93.699,404.28,98.44
2020-11-05,4.669,2.543,2.149,8.451,95.775,93.101,404.22,98.3
2020-11-06,4.671,2.521,2.172,8.449,95.698,93.199,408.3,98.065
2020-11-09,4.768,2.584,2.223,8.441,95.576,93.003,407.42,97.88
2020-11-10,4.741,2.556,2.212,8.449,95.428,93.053,396.54,97.925
2020-11-11,4.694,2.513,2.227,8.45,95.3515,93.549,395.64,97.92
2020-11-12,4.691,2.521,2.24,8.448,95.275,93.454,394.98,97.845
2020-11-13,4.64,2.526,2.22,8.401,95.418,93.4,396.88,97.635
2020-11-16,4.693,2.559,2.277,8.379,95.273,93.30000000000001,396.64,97.62
2020-11-17,4.684,2.526,2.288,8.329,95.275,93.2,396.18,97.515
2020-11-18,4.677,2.532,2.302,8.344,95.219,92.911,393.64,97.215
2020-11-19,4.719,2.545,2.283,8.329,95.163,93.014,392.0,97.145
2020-11-20,4.734,2.565,2.298,8.188,94.873,92.901,392.18,97.02
2020-11-23,4.792,2.586,2.342,8.284,94.878,92.771,392.8,97.295
2020-11-24,4.76,2.576,2.337,8.275,95.223,93.0,383.32,97.185
2020-11-25,4.698,2.534,2.305,8.286,95.125,93.0,379.24,97.45
2020-11-26,4.705,2.515,2.297,8.302,95.173,92.90333333333334,380.22,97.315
2020-11-27,4.776,2.524,2.318,8.308,95.088,92.80666666666666,381.14,97.175
2020-11-30,4.751,2.51,2.291,8.319,95.176,92.71,371.34,97.67
2020-12-01,4.862,2.548,2.297,8.32,95.473,93.041,374.2,97.485
2020-12-02,4.851,2.551,2.299,8.332,95.275,93.372,379.64,97.255
2020-12-03,4.849,2.545,2.274,8.327,95.563,93.386,383.7,97.235
2020-12-04,4.86,2.567,2.263,8.339,95.473,93.4,384.46,97.435
2020-12-07,4.816,2.559,2.219,8.319,95.471,92.9,383.38,97.31
2020-12-08,4.8,2.554,2.212,8.299,95.375,93.074,389.18,97.535
2020-12-09,4.74,2.51,2.174,8.326,95.423,93.6,387.0,97.5
2020-12-10,4.73,2.51,2.191,8.334,95.423,93.1,383.26,97.545
2020-12-11,4.674,2.474,2.184,8.314,95.423,93.3,382.78,97.215
2020-12-14,4.718,2.496,2.146,8.314,95.275,93.1,382.82,97.22
2020-12-15,4.733,2.504,2.133,8.296,95.3005,93.299,385.66,97.36
2020-12-16,4.743,2.48,2.131,8.353,95.326,93.101,388.4,97.345
2020-12-17,4.814,2.507,2.157,8.342,95.3495,93.22,390.5,97.22
2020-12-18,4.785,2.502,2.175,8.339,95.373,93.224,393.58,97.065
2020-12-21,4.83,2.545,2.179,8.365,95.665,93.7,398.36,97.27
2020-12-22,4.753,2.496,2.12,8.379,95.868,93.47,392.76,97.63
2020-12-23,4.794,2.513,2.123,8.374,96.023,93.9,391.44,97.745
2020-12-24,4.794,2.482,2.113,8.439,95.863,93.385,393.04,97.605
2020-12-25,4.836,2.493,2.123,8.418,95.993,93.5,395.0,97.855
2020-12-28,4.85,2.485,2.11,8.394,95.973,93.984,395.78,97.88
2020-12-29,4.834,2.472,2.085,8.422,95.97399999999999,94.2,393.86,98.02
2020-12-30,4.898,2.477,2.09,8.404,95.975,94.07533333333333,393.7,98.21
2020-12-31,5.007,2.529,2.101,8.414,96.122,93.95066666666666,394.98,97.995
2021-01-04,5.054,2.578,2.108,8.41,96.123,93.826,400.04,97.84
2021-01-05,5.153,2.584,2.086,8.417,96.173,93.45,402.32,98.07
2021-01-06,5.202,2.556,2.083,8.421,96.373,93.492,402.88,98.105
2021-01-07,5.319,2.515,2.073,8.429,96.572,93.371,399.06,98.125
2021-01-08,5.291,2.502,2.086,8.44,96.673,93.5355,396.06,97.94
2021-01-11,5.228,2.458,2.053,8.428,96.475,93.7,385.0,97.835
2021-01-12,5.388,2.507,2.074,8.437,96.373,93.85,387.42,97.965
2021-01-13,5.366,2.477,2.081,8.443,96.473,94.2,387.54,98.04
2021-01-14,5.263,2.474,2.079,8.439,96.77,94.1,385.3,98.2
2021-01-15,5.246,2.488,2.097,8.457,96.973,94.24,387.9,97.92
2021-01-18,5.305,2.543,2.111,8.454,96.873,94.24,386.82,97.825
2021-01-19,5.23,2.518,2.114,8.461,96.092,94.28,387.72,97.86
2021-01-20,5.26,2.532,2.112,8.46,96.523,94.26,388.82,97.97
2021-01-21,5.354,2.562,2.116,8.454,96.623,94.23,392.72,98.185
2021-01-22,5.357,2.556,2.092,8.45,96.673,94.59,390.9,98.35
2021-01-25,5.423,2.529,2.057,8.449,96.673,94.5,389.0,98.335
2021-01-26,5.303,2.493,2.046,8.444,96.523,94.2,390.14,97.925
2021-01-27,5.313,2.491,2.045,8.452,96.3295,94.41,387.94,97.97
2021-01-28,5.177,2.441,2.013,8.442,96.136,94.54,386.3,97.68
2021-01-29,5.14,2.406,1.997,8.429,96.193,94.69,388.34,97.745
2021-02-01,5.203,2.422,2.014,8.407,96.518,94.5,392.64,97.805
2021-02-02,5.283,2.444,2.02,8.422,96.518,94.14,389.5,97.75
2021-02-03,5.277,2.406,2.0,8.416,96.773,94.14,385.1,97.41
2021-02-04,5.266,2.354,1.983,8.426,96.748,93.96,382.26,97.23
2021-02-05,5.274,2.31,2.002,8.433,96.733,94.02,377.86,97.235
2021-02-08,5.346,2.321,2.015,8.434,96.763,94.0,381.0,97.275
2021-02-09,5.484,2.395,2.031,8.438,96.573,94.23,385.6,97.325
2021-02-10,5.599,2.409,2.05,8.444,96.873,94.27,385.66,97.14
2021-02-18,5.556,2.461,2.113,8.449,96.873,94.09,374.18,96.765
2021-02-19,5.588,2.504,2.165,8.484,96.523,94.1,372.46,96.68
2021-02-22,5.381,2.507,2.209,8.477,96.778,94.14,376.66,96.605
2021-02-23,5.366,2.48,2.181,8.477,96.771,94.36,380.66,96.64
2021-02-24,5.219,2.463,2.15,8.477,96.525,94.5,379.6,96.715
2021-02-25,5.27,2.452,2.192,8.476,96.423,94.39,375.94,96.65
2021-02-26,5.121,2.414,2.14,8.468,96.373,94.39,369.5,96.435
2021-03-01,5.21,2.48,2.175,8.459,96.373,94.46,367.94,96.81
2021-03-02,5.141,2.48,2.16,8.46,96.275,94.37,361.74,96.865
2021-03-03,5.246,2.51,2.225,8.464,96.554,94.46,363.5,96.82
2021-03-04,5.079,2.469,2.221,8.455,96.424,94.41,360.34,96.7
2021-03-05,5.058,2.472,2.193,8.461,96.473,94.4,356.6,97.045
2021-03-08,4.872,2.409,2.182,8.436,96.523,94.4,360.36,97.155
2021-03-09,4.771,2.34,2.171,8.444,96.473,94.5,359.04,97.07
2021-03-10,4.792,2.313,2.156,8.454,96.423,94.59,362.9,97.175
2021-03-11,4.921,2.379,2.203,8.46,96.457,94.61,365.88,96.965
2021-03-12,4.934,2.384,2.23,8.47,96.491,94.75,360.76,96.89
2021-03-15,4.832,2.359,2.255,8.471,96.751,94.64,363.86,96.745
2021-03-16,4.865,2.387,2.258,8.484,96.773,94.73,364.56,96.805
2021-03-17,4.888,2.395,2.244,8.499,96.491,95.0,366.2,96.9
2021-03-18,4.928,2.398,2.244,8.489,96.507,95.09,369.24,96.795
2021-03-19,4.789,2.392,2.227,8.49,96.523,95.07,367.66,97.065
2021-03-22,4.846,2.433,2.253,8.484,96.673,95.05,365.7,97.12
2021-03-23,4.801,2.411,2.232,8.492,96.643,95.08,366.8,97.22
2021-03-24,4.725,2.359,2.184,8.493,96.773,94.8,366.24,97.52
2021-03-25,4.721,2.365,2.186,8.501,96.623,94.63,367.22,97.57
2021-03-26,4.825,2.406,2.218,8.504,96.673,94.85,366.24,97.44
2021-03-29,4.835,2.411,2.254,8.501,96.953,94.99,366.44,97.42
2021-03-30,4.879,2.409,2.253,8.507,96.773,94.91,361.5,97.33
2021-03-31,4.842,2.409,2.246,8.515,96.773,95.16,357.38,97.485
2021-04-01,4.904,2.422,2.264,8.529,97.013,95.15,364.98,97.4
2021-04-02,4.953,2.425,2.241,8.532,96.875,95.19,369.98,97.425
2021-04-06,4.925,2.455,2.248,8.538,96.728,95.1,367.3,97.345
2021-04-07,4.89,2.455,2.268,8.544,96.968,94.98,369.1,97.195
2021-04-08,4.901,2.45,2.269,8.57,96.968,94.96,370.08,97.115
2021-04-09,4.83,2.452,2.273,8.565,96.968,95.18,371.96,97.205
2021-04-12,4.746,2.392,2.28,8.577,96.968,95.34,369.18,97.46
2021-04-13,4.739,2.384,2.248,8.566,97.118,95.39,365.8,97.805
2021-04-14,4.767,2.417,2.254,8.568,97.118,95.37,369.54,97.79
2021-04-15,4.739,2.411,2.258,8.566,96.975,95.18,369.54,97.7
2021-04-16,4.755,2.444,2.293,8.571,97.023,95.1,372.86,97.785
2021-04-19,4.881,2.474,2.305,8.564,97.071,95.02,375.5,97.865
2021-04-20,4.873,2.469,2.297,8.565,97.073,94.97,372.1,97.88
2021-04-21,4.885,2.472,2.288,8.567,97.073,95.11,375.98,97.97
2021-04-22,4.881,2.482,2.296,8.574,97.073,95.18,376.4,97.885
2021-04-23,4.932,2.474,2.291,8.577,97.12299999999999,95.24,375.2,97.915
2021-04-26,4.868,2.458,2.283,8.578,97.173,95.38,373.14,97.675
2021-04-27,4.881,2.452,2.27,8.579,97.173,95.29,373.48,97.58
2021-04-28,4.919,2.466,2.273,8.579,97.023,95.36,371.4,97.64
2021-04-29,4.965,2.455,2.289,8.594,97.263,95.32,372.68,97.635
2021-04-30,4.92,2.45,2.26,8.58,97.223,95.34,370.76,98.015
2021-05-06,4.853,2.458,2.301,8.579,97.243,95.31,376.28,98.075
2021-05-07,4.792,2.431,2.332,8.581,97.263,95.41,380.4,97.945
2021-05-10,4.791,2.431,2.373,8.577,97.373,95.5,381.76,97.99
2021-05-11,4.817,2.431,2.346,8.577,97.423,95.5,381.54,98.21
2021-05-12,4.848,2.474,2.357,8.58,97.723,95.51,382.44,98.255
2021-05-13,4.793,2.45,2.314,8.582,97.523,95.58,380.68,98.3
2021-05-14,4.919,2.496,2.32,8.605,97.723,95.58,382.96,98.35
2021-05-17,4.98,2.48,2.315,8.612,97.574,95.56,387.3,98.27
2021-05-18,4.982,2.496,2.327,8.609,97.793,95.69,389.96,98.22
2021-05-19,4.968,2.491,2.302,8.609,97.788,95.74,390.3,98.51
2021-05-20,4.982,2.493,2.258,8.609,97.735,95.6,390.4,98.425
2021-05-21,4.927,2.502,2.263,8.618,97.933,95.71,390.4,98.61
2021-05-24,4.955,2.521,2.261,8.634,98.123,95.73,391.66,98.485
2021-05-25,5.119,2.548,2.288,8.648,98.173,95.9,389.82,98.46
2021-05-26,5.12,2.562,2.307,8.625,98.173,95.82,393.4,98.56
2021-05-27,5.139,2.592,2.319,8.628,98.289,95.8,390.96,98.36
2021-05-28,5.124,2.578,2.315,8.624,98.228,95.85,391.38,98.265
2021-05-31,5.13,2.636,2.318,8.631,98.093,95.75,394.38,98.38
2021-06-01,5.138,2.644,2.34,8.638,98.133,95.74,396.9,98.405
2021-06-02,5.095,2.608,2.335,8.647,98.123,95.8,389.98,98.2
2021-06-03,5.054,2.608,2.349,8.641,98.163,95.8,387.5,98.295
2021-06-04,5.087,2.625,2.343,8.638,98.129,95.82,382.62,98.02
2021-06-07,5.081,2.663,2.34,8.631,97.803,95.69,385.32,97.815
2021-06-08,5.039,2.644,2.329,8.624,97.773,95.65,387.9,97.86
2021-06-09,5.047,2.641,2.345,8.634,97.893,95.7,387.7,97.77
2021-06-10,5.081,2.682,2.356,8.634,97.953,95.67,386.46,97.88
2021-06-11,5.032,2.663,2.36,8.626,97.943,95.51,389.92,97.69
2021-06-15,4.973,2.644,2.344,8.642,97.933,95.4,382.66,97.76
2021-06-16,4.902,2.595,2.335,8.652,97.923,95.57,382.24,97.77
2021-06-17,4.913,2.636,2.327,8.649,97.87299999999999,95.66,375.66,97.675
2021-06-18,4.918,2.663,2.327,8.654,97.823,95.62,371.62,98.01
2021-06-21,4.911,2.718,2.315,8.659,97.823,95.61,371.94,98.285
2021-06-22,4.937,2.715,2.34,8.652,97.923,95.76,373.44,98.31
2021-06-23,4.968,2.748,2.376,8.653,97.923,95.68,374.02,98.335
2021-06-24,4.981,2.71,2.388,8.659,97.943,95.8,371.94,98.325
2021-06-25,5.062,2.723,2.398,8.682,97.968,95.78,371.4,98.285
2021-06-28,5.071,2.745,2.362,8.689,98.023,95.76,372.16,98.165
2021-06-29,5.017,2.723,2.341,8.689,97.973,95.77,370.8,98.32
2021-06-30,5.048,2.759,2.355,8.689,98.073,95.87,367.5,98.42
2021-07-01,5.046,2.712,2.356,8.689,98.028,95.99,371.78,98.315
2021-07-02,4.905,2.685,2.332,8.688,98.073,96.0,372.64,98.37
2021-07-05,4.912,2.737,2.339,8.687,98.073,96.01,373.88,98.395
2021-07-06,4.919,2.723,2.346,8.684,98.323,96.1,377.46,98.28
2021-07-07,4.972,2.767,2.349,8.688,98.328,96.1,377.3,98.675
2021-07-08,4.928,2.775,2.306,8.695,98.573,96.24,376.62,99.065
2021-07-09,4.904,2.786,2.324,8.704,98.71799999999999,96.33,377.78,99.005
2021-07-12,4.972,2.841,2.329,8.706,98.863,96.43,377.0,99.37
2021-07-13,4.988,2.863,2.351,8.707,99.083,96.4,378.8,99.425
2021-07-14,4.931,2.824,2.357,8.704,99.373,96.55,379.5,99.605
2021-07-15,4.999,2.816,2.388,8.705,99.173,96.51,382.48,99.24
2021-07-16,4.948,2.819,2.4,8.71,99.223,96.56,381.48,99.39
2021-07-19,4.97,2.816,2.392,8.719,99.176,96.6,377.84,99.355
2021-07-20,4.957,2.838,2.372,8.742,99.261,96.67,380.68,99.52
2021-07-21,4.996,2.89,2.368,8.737,99.223,96.67,379.28,99.685
2021-07-22,5.001,2.904,2.393,8.727,99.173,96.7,376.3,99.59
2021-07-23,4.949,2.887,2.384,8.712,99.273,96.72,378.02,99.735
2021-07-26,4.774,2.849,2.335,8.718,99.373,96.85,379.04,99.93
2021-07-27,4.601,2.767,2.276,8.732,99.573,96.7,375.84,99.6
2021-07-28,4.611,2.712,2.25,8.734,99.373,96.91,379.9,99.73
2021-07-29,4.698,2.819,2.272,8.733,99.44800000000001,96.95,381.16,99.855
2021-07-30,4.664,2.849,2.303,8.736,99.523,96.95,382.5,100.355
2021-08-02,4.785,2.912,2.28,8.743,100.193,97.15,377.84,100.495
2021-08-03,4.787,2.855,2.241,8.748,100.193,97.25,377.82,100.33
2021-08-04,4.831,2.928,2.265,8.753,100.073,97.23,378.66,100.3
2021-08-05,4.801,2.917,2.253,8.757,100.073,96.8,378.04,100.55
2021-08-06,4.785,2.934,2.264,8.763,100.073,96.75,375.9,100.485
2021-08-09,4.84,2.937,2.304,8.763,99.773,96.71,365.6,99.94
2021-08-10,4.897,2.961,2.303,8.767,99.773,96.56,363.92,99.925
2021-08-11,4.87,2.986,2.361,8.769,99.773,96.74,363.52,99.8
2021-08-12,4.838,3.008,2.392,8.773,99.873,96.76,367.16,100.01
2021-08-13,4.811,3.005,2.387,8.778,99.873,96.85,368.04,99.895
2021-08-16,4.808,2.967,2.395,8.781,99.724,96.86,371.24,99.805
2021-08-17,4.696,2.882,2.361,8.786,99.575,96.85,375.02,99.925
2021-08-18,4.749,2.912,2.379,8.791,99.898,96.92,375.4,100.305
2021-08-19,4.715,2.937,2.369,8.792,99.923,96.94,374.28,100.13
2021-08-20,4.625,2.948,2.384,8.796,99.997,97.0,375.5,99.995
2021-08-23,4.697,3.008,2.397,8.797,100.071,97.09,374.88,99.845
2021-08-24,4.749,3.038,2.421,8.797,100.02199999999999,97.1,377.68,99.995
2021-08-25,4.763,3.046,2.455,8.797,99.973,97.19,375.54,100.115
2021-08-26,4.678,3.008,2.496,8.795,99.933,97.17,373.96,99.73
2021-08-27,4.691,3.016,2.525,8.796,99.973,97.27,377.78,99.9
2021-08-30,4.673,3.03,2.55,8.793,99.823,97.35,379.04,100.1
2021-08-31,4.671,3.038,2.623,8.788,99.898,97.45,378.84,99.995
2021-09-01,4.741,2.98,2.618,8.801,99.973,97.38,379.12,100.46
2021-09-02,4.737,3.027,2.697,8.802,100.023,97.42,378.92,100.34
2021-09-03,4.71,2.994,2.674,8.804,100.023,97.27,378.54,100.275
2021-09-06,4.794,3.038,2.702,8.81,100.272,97.19,380.96,100.2
2021-09-07,4.857,3.095,2.783,8.81,100.24725000000001,97.31,379.42,99.96
2021-09-08,4.836,3.114,2.819,8.813,100.2225,97.32,374.96,99.96
2021-09-09,4.834,3.098,2.92,8.814,100.19775,97.31,373.2,99.88
2021-09-10,4.883,3.12,2.857,8.812,100.173,97.43,375.5,99.985
2021-09-13,4.856,3.123,2.929,8.811,100.073,97.42,373.3,99.61
2021-09-14,4.79,3.109,2.859,8.813,99.873,97.43,373.82,99.655
2021-09-15,4.737,3.136,2.836,8.814,99.828,97.41,374.82,99.48
2021-09-16,4.681,3.038,2.823,8.814,99.623,97.27,371.76,99.625
2021-09-17,4.72,3.043,2.734,8.813,99.873,97.2,367.86,99.785
2021-09-22,4.687,3.057,2.792,8.793,99.9355,97.19,372.52,99.97
2021-09-23,4.716,3.065,2.783,8.801,99.998,97.19,369.26,100.085
2021-09-24,4.723,3.021,2.669,8.791,100.0605,97.21,366.78,99.91
2021-09-27,4.755,2.923,2.584,8.781,100.123,97.16,367.86,99.805
2021-09-28,4.746,2.928,2.662,8.783,99.94800000000001,97.11,364.22,99.715
2021-09-29,4.713,2.833,2.578,8.782,99.773,97.09,364.48,99.945
2021-09-30,4.727,2.901,2.593,8.782,100.273,97.12,362.78,99.86
2021-10-08,4.798,2.917,2.583,8.783,100.073,97.08,367.54,99.505
2021-10-11,4.797,2.898,2.626,8.785,100.073,97.13,366.16,99.075
2021-10-12,4.745,2.824,2.586,8.78,99.803,97.11,368.22,99.105
2021-10-13,4.801,2.857,2.546,8.78,99.763,97.12,368.1,99.125
2021-10-14,4.774,2.882,2.529,8.783,99.723,97.09,373.24,99.17
2021-10-15,4.798,2.885,2.551,8.786,99.623,97.04,372.58,99.14
2021-10-18,4.74,2.912,2.6,8.788,99.523,96.98,367.58,98.67
2021-10-19,4.787,2.945,2.612,8.791,99.423,97.03,368.76,98.92
2021-10-20,4.773,2.956,2.538,8.789,99.398,97.04,367.66,98.875
2021-10-21,4.795,2.934,2.576,8.809,99.673,97.05,369.54,99.185
2021-10-22,4.828,2.915,2.514,8.812,99.673,97.08,371.08,99.04
2021-10-25,4.845,2.958,2.513,8.808,99.923,97.13,370.14,99.04
2021-10-26,4.828,2.953,2.487,8.807,99.905,97.11,371.64,99.15
2021-10-27,4.762,2.92,2.416,8.817,99.887,97.12,368.92,99.15
2021-10-28,4.741,2.855,2.339,8.8,99.869,97.22,372.56,99.27
2021-10-29,4.773,2.904,2.343,8.792,99.851,97.26,370.48,99.185
2021-11-01,4.757,2.926,2.352,8.808,99.833,97.3,368.78,99.49
2021-11-02,4.705,2.896,2.301,8.821,99.953,97.34,371.26,99.69
2021-11-03,4.685,2.898,2.342,8.842,100.143,97.44,368.04,99.675
2021-11-04,4.732,2.937,2.335,8.844,100.043,97.46,366.58,99.755
2021-11-05,4.715,2.896,2.296,8.849,100.723,97.53,371.74,100.12
2021-11-08,4.711,2.915,2.293,8.856,100.623,97.58,375.9,100.08
2021-11-09,4.709,2.956,2.279,8.857,99.973,97.59,377.46,100.155
2021-11-10,4.684,2.958,2.272,8.854,100.073,97.57,377.46,100.065
2021-11-11,4.764,2.989,2.319,8.859,99.963,97.56,383.36,99.835
2021-11-12,4.762,3.027,2.303,8.864,100.063,97.55,383.6,99.785
2021-11-15,4.756,3.016,2.307,8.864,100.153,97.55,382.2,100.075
2021-11-16,4.752,2.983,2.29,8.858,100.363,97.58,384.02,100.04
2021-11-17,4.751,3.041,2.293,8.855,100.233,97.58,382.26,99.97
2021-11-18,4.707,3.03,2.293,8.864,100.28800000000001,97.59,383.54,100.11
2021-11-19,4.762,3.068,2.329,8.872,100.343,97.63,382.74,99.78
2021-11-22,4.775,3.134,2.328,8.873,100.353,97.66,379.14,99.875
2021-11-23,4.778,3.125,2.341,8.873,100.343,97.66,371.78,99.815
2021-11-24,4.789,3.123,2.373,8.873,100.387,97.73,369.76,100.145
2021-11-25,4.77,3.112,2.362,8.873,100.431,97.72,369.78,100.08
2021-11-26,4.728,3.12,2.33,8.876,100.47500000000001,97.73,372.7,100.355
2021-11-29,4.721,3.147,2.295,8.88,100.519,97.78,371.42,100.275
2021-11-30,4.703,3.166,2.297,8.884,100.563,97.82,370.24,100.22
2021-12-01,4.716,3.169,2.322,8.88,100.373,97.83,368.74,100.085
2021-12-02,4.726,3.128,2.337,8.894,100.506,97.83,367.0,99.92
2021-12-03,4.771,3.147,2.368,8.899,100.49525,97.87,365.92,99.745
2021-12-06,4.766,3.101,2.36,8.899,100.4845,97.97,368.68,100.195
2021-12-07,4.794,3.051,2.39,8.902,100.47375,97.91,367.88,99.805
2021-12-08,4.866,3.103,2.39,8.904,100.463,97.92,368.28,99.765
2021-12-09,4.95,3.123,2.401,8.904,100.51,97.93,366.72,99.855
2021-12-10,4.935,3.158,2.381,8.908,100.5415,97.94,365.62,100.015
2021-12-13,4.948,3.134,2.372,8.912,100.573,98.15,368.14,99.91
2021-12-14,4.917,3.142,2.334,8.913,100.773,98.14,368.52,100.105
2021-12-15,4.871,3.131,2.346,8.913,100.773,98.01,364.36,100.145
2021-12-16,4.898,3.142,2.388,8.9,100.673,98.01,368.08,99.975
2021-12-17,4.825,3.101,2.372,8.9,100.673,98.03,372.78,100.08
2021-12-20,4.75,3.049,2.346,8.893,100.673,98.04,372.34,100.055
2021-12-21,4.771,3.087,2.385,8.864,100.673,98.05,369.72,100.1
2021-12-22,4.774,3.112,2.38,8.861,100.673,98.08,368.9,100.315
2021-12-23,4.812,3.112,2.389,8.873,100.673,98.07,372.78,100.485
2021-12-24,4.789,3.06,2.378,8.898,100.773,98.07,373.56,100.375
2021-12-27,4.793,3.06,2.385,8.905,100.873,98.08,373.44,100.465
2021-12-28,4.819,3.09,2.368,8.943,100.958,98.11,374.46,100.53
2021-12-29,4.752,3.09,2.358,8.938,101.043,98.15,372.58,100.635
2021-12-30,4.788,3.114,2.355,8.948,101.023,98.21,370.8,100.855
2021-12-31,4.8,3.153,2.379,8.933,101.07300000000001,98.21,374.7,100.735
2022-01-04,4.782,3.139,2.421,8.977,101.123,98.22,371.74,100.75
2022-01-05,4.735,3.057,2.412,8.979,101.168,98.27,373.1,100.6
2022-01-06,4.679,3.076,2.416,8.974,101.213,98.26,370.64,100.39
2022-01-07,4.691,3.021,2.432,8.976,101.103,98.26,368.14,100.41
2022-01-10,4.704,3.035,2.451,8.973,101.123,98.25,368.56,100.55
2022-01-11,4.659,3.005,2.472,8.984,101.273,98.3,371.94,100.69
2022-01-12,4.711,3.06,2.46,8.984,101.273,98.32,373.92,100.635
2022-01-13,4.63,3.002,2.459,8.992,101.373,98.32,374.92,100.63
2022-01-14,4.586,3.013,2.414,8.997,101.423,98.4,374.58,100.675
2022-01-17,4.627,3.071,2.417,9.025,101.473,98.45,372.52,100.73
2022-01-18,4.673,3.054,2.447,9.046,101.773,98.5,371.76,101.055
2022-01-19,4.647,3.01,2.464,9.059,102.073,98.47,373.06,101.245
2022-01-20,4.685,2.945,2.45,9.069,102.173,98.51,378.4,101.205
2022-01-21,4.651,2.898,2.447,9.071,102.172,98.55,378.22,101.38
2022-01-24,4.653,2.915,2.433,9.094,102.373,98.59,377.2,101.5
2022-01-25,4.547,2.8,2.354,9.094,102.573,98.63,377.92,101.52
2022-01-26,4.573,2.819,2.362,9.117,102.173,98.68,378.58,101.245
2022-01-27,4.492,2.731,2.344,9.117,102.273,98.62,371.58,101.115
2022-01-28,4.421,2.742,2.336,9.139,102.323,98.67,370.1,101.415
2022-02-07,4.493,2.77,2.395,9.154,102.373,98.7,372.14,101.17
2022-02-08,4.471,2.792,2.462,9.152,102.373,98.88,374.8,101.195
2022-02-09,4.51,2.83,2.468,9.152,102.368,98.79,376.58,101.12
2022-02-10,4.499,2.822,2.509,9.18,102.174,98.78,377.4,101.085
2022-02-11,4.463,2.762,2.512,9.174,101.774,98.77,375.24,100.65
2022-02-14,4.414,2.742,2.466,9.143,101.873,98.68,381.7,100.535
2022-02-15,4.456,2.8,2.447,9.138,101.823,98.7,385.58,100.53
2022-02-16,4.477,2.822,2.476,9.141,101.823,98.69,379.84,100.66
2022-02-17,4.487,2.833,2.462,9.142,101.866,98.7,383.54,100.39
2022-02-18,4.511,2.844,2.515,9.142,101.973,98.68,386.64,100.22
2022-02-21,4.494,2.879,2.541,9.125,101.576,98.69,386.0,99.79
2022-02-22,4.434,2.863,2.53,9.125,101.473,98.65,390.72,99.825
2022-02-23,4.482,2.931,2.499,9.134,101.673,98.57,387.58,100.005
2022-02-24,4.397,2.86,2.474,9.134,101.873,98.56,396.04,100.055
2022-02-25,4.432,2.887,2.454,9.131,101.575,98.48,391.42,100.215
2022-02-28,4.438,2.912,2.463,9.129,101.673,98.34,389.02,100.235
2022-03-01,4.476,2.917,2.493,9.126,101.773,98.18,389.14,99.99
2022-03-02,4.441,2.912,2.526,9.144,101.723,98.02,394.5,99.915
2022-03-03,4.412,2.882,2.561,9.164,101.473,97.86,393.2,99.59
2022-03-04,4.361,2.846,2.551,9.148,101.622,97.9,394.64,99.795
2022-03-07,4.213,2.772,2.531,9.136,101.539,97.92,403.3,99.88
2022-03-08,4.131,2.688,2.448,9.135,101.456,97.99,412.2,99.99
2022-03-09,4.091,2.658,2.391,9.142,101.373,97.88,417.16,99.745
2022-03-10,4.151,2.723,2.437,9.144,101.423,97.82,404.0,99.65
2022-03-11,4.179,2.742,2.457,9.134,101.423,97.77,404.78,100.22
2022-03-14,4.039,2.666,2.418,9.139,102.023,97.75,402.5,100.675
2022-03-15,3.84,2.537,2.26,9.131,102.023,97.77,394.46,100.205
2022-03-16,4.013,2.622,2.319,9.094,101.623,97.7,391.04,100.36
2022-03-17,4.097,2.671,2.349,9.1,101.973,97.66,395.44,100.38
2022-03-18,4.125,2.699,2.419,9.164,102.013,97.69,395.9,100.52
2022-03-21,4.119,2.729,2.438,9.12,102.055,97.7,394.76,100.365
2022-03-22,4.115,2.715,2.486,9.121,101.972,97.73,397.16,100.035
2022-03-23,4.14,2.734,2.482,9.106,101.853,97.7,394.72,100.15
2022-03-24,4.113,2.699,2.489,9.103,101.723,97.69,399.02,100.345
2022-03-25,4.036,2.677,2.49,9.098,102.023,97.65,401.7,100.41
2022-03-28,4.011,2.649,2.536,9.084,101.972,97.69,397.68,100.405
2022-03-29,3.993,2.633,2.554,9.086,101.773,97.72,395.54,100.42
2022-03-30,4.116,2.696,2.562,9.083,101.773,97.75,394.74,100.665
2022-03-31,4.085,2.658,2.601,9.084,101.823,97.77,394.34,100.44
2022-04-01,4.136,2.66,2.634,9.1,101.873,97.8,396.26,100.565
2022-04-06,4.124,2.649,2.679,9.107,102.135,97.82,394.5,100.67
2022-04-07,4.072,2.597,2.633,9.132,102.229,97.93,394.94,100.865
2022-04-08,4.1,2.578,2.668,9.16,102.323,97.98,396.04,100.78
2022-04-11,3.968,2.485,2.609,9.179,102.371,98.0,399.6,100.61
2022-04-12,4.038,2.515,2.599,9.179,102.073,98.05,401.78,100.51
2022-04-13,4.006,2.469,2.622,9.177,102.193,98.06,403.7,100.67
2022-04-14,4.05,2.485,2.678,9.174,102.322,98.16,404.32,100.685
2022-04-15,4.048,2.458,2.645,9.17,102.322,98.17,405.82,100.65
2022-04-18,4.028,2.48,2.581,9.179,102.372,98.21,408.02,100.235
2022-04-19,4.001,2.488,2.625,9.199,101.973,98.21,405.1,100.19
2022-04-20,3.931,2.436,2.538,9.193,102.022,98.2,400.06,100.17
2022-04-21,3.863,2.338,2.484,9.178,101.9225,98.15,405.06,100.245
2022-04-22,3.873,2.31,2.514,9.173,101.823,98.19,406.8,100.1
2022-04-25,3.68,2.132,2.39,9.169,101.913,98.28,404.42,100.33
2022-04-26,3.65,2.064,2.351,9.178,102.176,98.28,401.3,100.275
2022-04-27,3.756,2.171,2.387,9.164,101.774,98.3,400.9,100.19
2022-04-28,3.782,2.143,2.433,9.151,101.868,98.25,400.82,100.075
2022-04-29,3.882,2.247,2.467,9.178,101.873,98.28,405.82,100.3
2022-05-05,3.867,2.288,2.456,9.178,101.774,98.25,404.52,100.45
2022-05-06,3.77,2.258,2.381,9.189,102.025,98.33,403.6,100.5
2022-05-09,3.738,2.288,2.373,9.198,102.072,98.3,405.36,100.59
2022-05-10,3.783,2.327,2.376,9.213,102.168,98.33,402.3,100.705
2022-05-11,3.838,2.351,2.374,9.226,102.168,98.35,399.94,100.57
2022-05-12,3.818,2.365,2.362,9.227,102.167,98.36,404.24,100.685
2022-05-13,3.849,2.384,2.417,9.217,102.273,98.44,399.66,100.57
2022-05-16,3.818,2.389,2.461,9.208,102.273,98.48,395.84,100.625
2022-05-17,3.867,2.4,2.451,9.197,102.074,98.66,397.98,100.655
2022-05-18,3.853,2.4,2.423,9.193,102.336,98.68,393.32,100.77
2022-05-19,3.862,2.431,2.426,9.182,102.323,98.74,394.96,100.38
2022-05-20,3.946,2.452,2.465,9.203,102.373,98.77,397.18,100.275
2022-05-23,3.914,2.493,2.469,9.231,102.328,98.79,397.16,100.48
2022-05-24,3.832,2.389,2.425,9.241,102.403,98.86,398.08,100.515
2022-05-25,3.849,2.431,2.454,9.251,102.523,98.89,398.84,100.6
2022-05-26,3.859,2.452,2.494,9.265,102.373,98.93,400.36,100.965
2022-05-27,3.869,2.447,2.493,9.264,102.823,98.94,402.14,100.97
2022-05-30,3.892,2.469,2.479,9.266,102.923,98.92,399.92,100.765
2022-05-31,3.956,2.493,2.483,9.269,102.673,98.86,399.04,100.52
2022-06-01,3.95,2.504,2.492,9.268,102.672,98.82,396.36,100.45
2022-06-02,3.961,2.532,2.474,9.269,102.672,98.83,398.98,100.385
2022-06-06,4.043,2.597,2.473,9.248,102.522,98.51,398.0,100.265
2022-06-07,4.049,2.592,2.488,9.252,102.471,98.52,396.0,100.43
2022-06-08,4.091,2.6,2.526,9.248,102.673,98.54,398.02,100.38
2022-06-09,4.057,2.554,2.533,9.249,102.574,98.59,398.82,100.49
2022-06-10,4.115,2.611,2.553,9.258,102.475,98.68,397.54,100.415
2022-06-13,4.063,2.63,2.509,9.265,102.571,98.47,404.22,100.355
2022-06-14,4.103,2.63,2.547,9.265,102.522,98.48,396.9,100.35
2022-06-15,4.152,2.619,2.55,9.264,102.562,98.48,394.46,100.225
2022-06-16,4.125,2.644,2.503,9.267,102.523,98.46,395.76,100.335
2022-06-17,4.188,2.674,2.496,9.265,102.652,98.43,398.58,100.395
2022-06-20,4.209,2.699,2.474,9.267,102.375,98.52,397.0,100.185
2022-06-21,4.207,2.669,2.48,9.269,102.424,98.59,396.26,100.195
2022-06-22,4.157,2.636,2.444,9.274,102.572,98.66,396.2,100.335
2022-06-23,4.232,2.699,2.468,9.28,102.44,98.69,396.7,100.185
2022-06-24,4.28,2.729,2.472,9.292,102.472,98.67,393.64,100.095
2022-06-27,4.328,2.759,2.499,9.279,102.273,98.65,396.32,99.76
2022-06-28,4.38,2.794,2.524,9.278,102.242,98.66,393.86,99.665
2022-06-29,4.325,2.734,2.536,9.278,102.323,98.67,393.34,99.78
2022-06-30,4.375,2.756,2.553,9.279,102.323,98.66,392.7,99.995
2022-07-01,4.36,2.764,2.558,9.284,102.353,98.65,388.94,99.955
2022-07-04,4.388,2.789,2.564,9.283,102.173,98.65,390.92,99.75
2022-07-05,4.378,2.781,2.578,9.282,102.029,98.63,390.52,99.86
2022-07-06,4.319,2.745,2.512,9.282,102.074,98.67,382.86,99.95
2022-07-07,4.335,2.778,2.525,9.283,102.352,98.64,377.44,99.975
2022-07-08,4.331,2.764,2.523,9.281,102.304,98.61,377.04,99.94
2022-07-11,4.255,2.723,2.496,9.285,102.423,98.66,377.0,100.235
2022-07-12,4.219,2.674,2.519,9.303,102.424,98.75,378.2,100.32
2022-07-13,4.226,2.696,2.517,9.302,102.668,98.74,375.6,100.4
2022-07-14,4.227,2.734,2.487,9.309,102.668,98.82,376.1,100.495
2022-07-15,4.162,2.704,2.447,9.32,102.65,98.88,373.38,100.605
2022-07-18,4.208,2.745,2.506,9.325,102.922,98.94,374.98,100.575
2022-07-19,4.186,2.77,2.51,9.321,102.773,99.0,373.84,100.575
2022-07-20,4.198,2.811,2.515,9.327,102.82233333333333,99.01,373.52,100.735
2022-07-21,4.153,2.794,2.471,9.338,102.87166666666667,99.05,370.32,100.83
2022-07-22,4.156,2.775,2.454,9.336,102.921,99.1,375.98,100.725
2022-07-25,4.138,2.737,2.463,9.347,102.823,98.96,377.18,100.73
2022-07-26,4.167,2.781,2.501,9.358,102.989,98.97,377.46,100.945
2022-07-27,4.143,2.805,2.501,9.355,103.155,98.97,376.64,100.85
2022-07-28,4.146,2.827,2.512,9.358,102.973,98.98,380.72,100.715
2022-07-29,4.087,2.816,2.49,9.368,102.893,98.99,386.1,101.05
2022-08-01,4.105,2.833,2.497,9.375,103.074,99.05,385.8,101.255
2022-08-02,4.034,2.753,2.434,9.367,103.183,99.04,389.16,101.345
2022-08-03,3.989,2.731,2.406,9.366,103.26266666666668,99.09,387.3,101.375
2022-08-04,4.02,2.745,2.41,9.37,103.34233333333333,99.01,387.9,101.305
2022-08-05,4.085,2.808,2.414,9.377,103.422,99.03,391.1,101.235
2022-08-08,4.071,2.83,2.445,9.382,103.422,99.09,388.7,101.2
2022-08-09,4.078,2.844,2.466,9.395,103.423,99.05,390.46,101.22
2022-08-10,4.033,2.844,2.45,9.395,103.224,99.02,391.18,101.14
2022-08-11,4.121,2.882,2.477,9.393,103.348,98.98,389.56,101.33
2022-08-12,4.122,2.855,2.504,9.39,103.472,98.91,391.22,101.26
2022-08-15,4.112,2.874,2.518,9.396,104.073,98.96,392.0,101.94
2022-08-16,4.102,2.89,2.528,9.399,103.973,99.06,391.52,101.985
2022-08-17,4.143,2.893,2.532,9.4,104.073,99.06,389.9,102.015
2022-08-18,4.106,2.907,2.508,9.4,104.123,99.06,387.76,102.115
2022-08-19,4.076,2.857,2.533,9.405,104.273,99.01,387.56,101.59
2022-08-22,4.103,2.874,2.559,9.409,104.253,99.02,386.26,101.535
2022-08-23,4.089,2.887,2.569,9.413,104.273,99.0,387.32,101.43
2022-08-24,4.012,2.781,2.525,9.415,104.172,98.98,389.54,101.515
2022-08-25,4.048,2.772,2.59,9.408,104.013,98.97,390.82,101.3
2022-08-26,4.042,2.756,2.569,9.407,103.864,98.9,391.28,101.37
2022-08-29,4.017,2.767,2.591,9.39,103.873,98.82,387.94,101.48
2022-08-30,4.008,2.753,2.564,9.391,104.032,98.84,389.3,101.485
2022-08-31,4.008,2.666,2.546,9.39,104.074,98.89,386.92,101.435
2022-09-01,3.974,2.649,2.574,9.393,104.026,98.93,383.7,101.685
2022-09-02,3.951,2.6625,2.568,9.393,104.133,98.92,383.02,101.605
2022-09-05,3.949,2.676,2.622,9.395,104.133,98.96,386.86,101.71
2022-09-06,3.978,2.729,2.671,9.399,104.223,98.95,388.98,101.745
2022-09-07,3.986,2.746,2.663,9.409,104.2,99.03,386.36,101.595
2022-09-08,3.968,2.724,2.654,9.409,104.135,99.04,389.46,101.57
2022-09-09,4.026,2.732,2.697,9.411,104.123,99.05,389.52,101.305
2022-09-13,4.04,2.723,2.674,9.406,104.082,99.04,389.66,101.39
2022-09-14,3.994,2.692,2.648,9.391,104.1,98.88,387.2,101.28
2022-09-15,3.957,2.607,2.66,9.378,104.05,98.95,385.24,101.27
2022-09-16,3.867,2.553,2.57,9.368,103.73,98.6,383.6,101.265
2022-09-19,3.856,2.524,2.57,9.358,103.73,98.6,384.7,101.335
2022-09-20,3.858,2.553,2.567,9.367,103.734,98.15,385.84,101.455
2022-09-21,3.828,2.553,2.594,9.375,103.881,98.45,386.98,101.515
2022-09-22,3.799,2.558,2.606,9.379,103.902,98.62,386.04,101.46
2022-09-23,3.791,2.51,2.582,9.379,103.882,98.55,387.64,101.275
2022-09-26,3.766,2.475,2.534,9.357,103.738,98.52,384.38,100.92
2022-09-27,3.816,2.523,2.55,9.333,103.503,98.44,384.88,101.025
2022-09-28,3.76,2.448,2.529,9.308,103.602,98.39,385.9,100.845
2022-09-29,3.761,2.457,2.524,9.262,103.413,97.9,389.66,100.625
2022-09-30,3.735,2.409,2.549,9.329,103.263,97.85,390.82,100.57
2022-10-10,3.656,2.358,2.554,9.34,103.416,97.84,393.24,100.89
2022-10-11,3.653,2.364,2.544,9.352,103.526,97.89,392.72,100.865
2022-10-12,3.715,2.435,2.579,9.342,103.518,98.03,393.04,101.055
2022-10-13,3.682,2.462,2.533,9.342,103.563,98.0,393.0,101.12
2022-10-14,3.77,2.529,2.565,9.351,103.625,98.03,392.42,101.4
2022-10-17,3.769,2.544,2.556,9.337,103.688,98.15,390.28,101.335
2022-10-18,3.762,2.561,2.551,9.347,103.707,98.22,390.78,101.355
2022-10-19,3.703,2.546,2.548,9.338,103.79,98.16,390.18,101.365
2022-10-20,3.691,2.538,2.522,9.335,103.625,98.13,388.1,101.21
2022-10-21,3.669,2.533,2.535,9.338,103.683,98.12,387.46,101.125
2022-10-24,3.571,2.523,2.483,9.322,103.664,98.0,392.72,101.315
2022-10-25,3.555,2.502,2.455,9.331,103.646,97.87,393.82,101.19
2022-10-26,3.583,2.563,2.438,9.335,103.678,97.88,393.62,101.395
2022-10-27,3.557,2.548,2.452,9.327,103.791,97.81,392.7,101.54
2022-10-28,3.471,2.453,2.403,9.321,103.803,97.83,392.78,101.65
2022-10-31,3.432,2.479,2.336,9.316,103.968,97.71,391.66,101.77
2022-11-01,3.57,2.547,2.356,9.315,103.987,97.63,391.46,101.59
2022-11-02,3.604,2.572,2.389,9.311,103.943,97.64,392.1,101.525
2022-11-03,3.574,2.585,2.37,9.302,103.913,97.6,390.88,101.535
2022-11-04,3.701,2.654,2.418,9.287,103.807,97.15,390.8,101.39
2022-11-07,3.701,2.643,2.443,9.281,103.809,96.53,394.0,101.435
2022-11-08,3.678,2.642,2.443,9.266,103.846,96.38,394.82,101.55
2022-11-09,3.638,2.63,2.441,9.297,103.809,97.08,403.26,101.53
2022-11-10,3.617,2.605,2.448,9.303,103.821,97.17,403.54,101.51
2022-11-11,3.715,2.615,2.51,9.294,103.369,97.82,406.72,101.12
2022-11-14,3.717,2.597,2.499,9.263,103.122,97.44,403.44,100.425
2022-11-15,3.792,2.659,2.509,9.267,102.958,97.59,404.96,100.49
2022-11-16,3.763,2.639,2.5,9.278,102.966,96.67,407.12,100.27
2022-11-17,3.746,2.645,2.479,9.279,102.893,95.6,407.7,99.825
2022-11-18,3.733,2.623,2.466,9.279,102.893,95.75,407.42,99.56
2022-11-21,3.7,2.634,2.455,9.276,102.913,95.6,405.2,99.675
2022-11-22,3.698,2.596,2.474,9.277,103.035,95.43,404.86,99.7
2022-11-23,3.701,2.59,2.49,9.282,103.149,95.63,404.66,99.935
2022-11-24,3.683,2.593,2.506,9.284,103.338,96.22,406.4,100.11
2022-11-25,3.704,2.567,2.555,9.282,103.263,96.24,407.6,99.755
2022-11-28,3.659,2.557,2.537,9.286,103.162,96.0,408.02,99.53
2022-11-29,3.775,2.597,2.623,9.281,102.881,96.07,406.56,99.2
2022-11-30,3.778,2.594,2.603,9.282,102.85,97.72,406.12,99.295
2022-12-01,3.823,2.621,2.582,9.295,102.8,97.68,407.1,99.58
2022-12-02,3.8,2.629,2.561,9.314,103.001,97.82,409.72,99.61
2022-12-05,3.871,2.642,2.614,9.311,102.968,97.93,405.72,99.59
2022-12-06,3.894,2.639,2.602,9.304,102.968,97.7,401.78,99.35
2022-12-07,3.882,2.637,2.587,9.281,102.963,97.71,401.1,99.585
2022-12-08,3.891,2.625,2.602,9.264,103.157,97.57,402.44,99.79
2022-12-09,3.925,2.632,2.609,9.258,103.278,97.43,403.46,99.725
2022-12-12,3.883,2.622,2.547,9.258,103.293,96.13,403.3,99.72
2022-12-13,3.872,2.602,2.561,9.246,103.073,95.56,403.54,99.605
2022-12-14,3.882,2.587,2.555,9.219,103.197,95.49,408.1,100.07
2022-12-15,3.88,2.596,2.52,9.19,103.213,95.68,404.86,99.955
2022-12-16,3.884,2.573,2.542,9.199,103.214,95.66,402.9,99.995
2022-12-19,3.826,2.521,2.503,9.194,103.293,95.2,405.3,100.19
2022-12-20,3.763,2.494,2.469,9.198,103.411,95.2,405.42,100.02
2022-12-21,3.76,2.48,2.472,9.203,103.45,95.25,409.5,100.275
2022-12-22,3.768,2.441,2.45,9.196,103.434,95.31,409.86,100.255
2022-12-23,3.758,2.423,2.44,9.197,103.433,95.05,406.8,100.485
2022-12-26,3.767,2.467,2.433,9.194,103.463,94.46,407.24,100.27
2022-12-27,3.814,2.487,2.461,9.184,103.393,95.24,407.96,99.99
2022-12-28,3.801,2.47,2.467,9.188,103.344,96.22,408.6,100.06
2022-12-29,3.789,2.465,2.438,9.185,103.413,96.35,408.36,100.205
2022-12-30,3.805,2.47,2.452,9.19,103.453,96.36,410.72,100.225
2023-01-03,3.816,2.527,2.465,9.206,103.474,96.23,411.2,100.37
2023-01-04,3.821,2.527,2.486,9.219,103.632,96.24,413.26,100.53
2023-01-05,3.896,2.554,2.491,9.22,103.683,96.43,412.5,100.435
2023-01-06,3.912,2.558,2.486,9.196,103.515,96.11,409.54,100.35
2023-01-09,3.937,2.57,2.488,9.177,103.504,95.91,414.0,100.355
2023-01-10,3.943,2.574,2.472,9.158,103.506,95.69,413.7,100.065
2023-01-11,3.943,2.555,2.494,9.146,103.246,95.64,414.8,100.18
2023-01-12,3.949,2.555,2.481,9.134,103.323,95.65,414.58,100.19
2023-01-13,4.011,2.571,2.496,9.121,103.38,95.61,415.22,100.025
2023-01-16,4.074,2.599,2.515,9.058,103.283,95.42,417.28,99.8
2023-01-17,4.07,2.596,2.507,9.065,103.272,95.41,419.0,99.83
2023-01-18,4.061,2.604,2.51,9.08,103.284,95.37,418.4,99.785
2023-01-19,4.089,2.635,2.516,9.069,103.234,95.41,419.66,99.85
2023-01-20,4.112,2.66,2.544,9.087,103.274,95.37,423.5,99.695
2023-01-30,4.136,2.671,2.528,8.995,103.272,95.6,422.68,100.03
2023-01-31,4.09,2.68,2.536,9.004,103.344,96.03,419.48,100.205
2023-02-01,4.121,2.724,2.54,9.04,103.503,96.25,421.58,100.11
2023-02-02,4.111,2.728,2.544,9.059,103.423,96.56,424.86,100.305
2023-02-03,4.068,2.725,2.526,9.073,103.454,96.69,419.34,100.355
2023-02-06,4.011,2.719,2.511,9.105,103.464,96.88,413.8,100.265
2023-02-07,4.021,2.727,2.522,9.125,103.418,97.07,412.62,100.48
2023-02-08,4.004,2.708,2.515,9.106,103.457,96.69,412.7,100.415
2023-02-09,4.058,2.763,2.524,9.145,103.414,96.9,413.52,100.53
2023-02-10,4.034,2.749,2.527,9.164,103.47,97.12,410.76,100.47
2023-02-13,4.066,2.775,2.532,9.174,103.553,97.49,413.08,100.5
2023-02-14,4.075,2.781,2.549,9.174,103.593,97.72,412.74,100.54
2023-02-15,4.047,2.78,2.536,9.152,103.563,97.69,411.66,100.545
2023-02-16,4.018,2.73,2.521,9.139,103.593,97.67,411.48,100.69
2023-02-17,3.96,2.705,2.526,9.127,103.613,97.67,410.26,100.64
2023-02-20,4.065,2.737,2.57,9.132,103.497,97.68,412.3,100.385
2023-02-21,4.07,2.75,2.606,9.142,103.462,97.69,411.7,99.48
2023-02-22,4.03,2.758,2.61,9.141,103.461,97.67,412.94,99.58
2023-02-23,4.03,2.745,2.621,9.139,103.454,97.65,411.94,99.605
2023-02-24,3.991,2.735,2.613,9.152,103.488,97.74,413.14,99.715
2023-02-27,3.976,2.717,2.618,9.153,103.5,97.51,412.2,99.735
2023-02-28,4.002,2.739,2.625,9.154,103.505,97.59,412.64,99.825
2023-03-01,4.051,2.759,2.642,9.149,103.455,97.54,414.04,99.885
2023-03-02,4.046,2.746,2.656,9.146,103.453,97.56,413.62,99.745
2023-03-03,4.055,2.742,2.671,9.15,103.453,97.73,415.58,99.805
2023-03-06,4.03,2.751,2.657,9.163,103.533,97.78,418.44,100.0
2023-03-07,3.973,2.701,2.65,9.168,103.519,97.85,418.82,100.14
2023-03-08,3.957,2.709,2.648,9.176,103.483,98.2,414.08,100.095
2023-03-09,3.947,2.716,2.644,9.198,103.614,98.01,414.02,100.195
2023-03-10,3.892,2.676,2.604,9.203,103.683,98.24,416.76,100.29
2023-03-13,3.936,2.689,2.637,9.206,103.675,98.22,420.42,100.205
2023-03-14,3.911,2.664,2.622,9.2,103.714,97.71,426.36,100.345
2023-03-15,3.91,2.677,2.646,9.202,103.676,98.04,426.54,100.255
2023-03-16,3.864,2.636,2.625,9.202,103.818,98.17,430.48,100.47
2023-03-17,3.885,2.656,2.644,9.199,103.824,98.73,432.44,100.425
2023-03-20,3.863,2.645,2.631,9.197,103.903,99.29,445.02,100.49
2023-03-21,3.906,2.679,2.623,9.217,103.949,99.32,441.56,100.38
2023-03-22,3.924,2.69,2.637,9.223,103.911,99.35,435.42,100.405
2023-03-23,3.962,2.7,2.639,9.233,103.853,99.13,438.36,100.335
2023-03-24,3.957,2.702,2.621,9.258,103.915,99.2,440.7,100.23
2023-03-27,3.936,2.706,2.6,9.267,103.938,99.25,438.14,100.45
2023-03-28,3.928,2.691,2.605,9.253,103.998,99.33,436.18,100.445
2023-03-29,3.928,2.681,2.603,9.265,103.958,99.28,437.76,100.47
2023-03-30,3.971,2.683,2.614,9.269,103.983,99.27,438.9,100.37
2023-03-31,3.981,2.705,2.621,9.267,104.123,99.3,441.2,100.455
2023-04-03,4.011,2.742,2.642,9.266,104.089,99.31,435.62,100.295
2023-04-04,4.031,2.738,2.655,9.271,104.111,99.38,440.7,100.365
2023-04-06,4.019,2.747,2.638,9.271,104.113,99.55,447.18,100.35
2023-04-07,4.048,2.771,2.639,9.274,104.163,99.59,447.32,100.55
2023-04-10,4.033,2.746,2.636,9.292,104.193,99.14,442.8,100.605
2023-04-11,4.023,2.747,2.659,9.291,104.17,99.06,444.84,100.765
2023-04-12,4.019,2.762,2.693,9.306,104.302,99.17,448.84,100.83
2023-04-13,3.994,2.745,2.7,9.309,104.331,99.2,448.82,100.765
2023-04-14,4.015,2.762,2.692,9.322,104.316,99.25,451.0,100.73
2023-04-17,4.076,2.764,2.726,9.347,104.225,99.42,446.08,100.575
2023-04-18,4.083,2.753,2.745,9.389,104.319,99.44,444.26,100.69
2023-04-19,4.05,2.741,2.74,9.4,104.395,99.43,443.98,100.735
2023-04-20,4.034,2.741,2.736,9.417,104.408,99.85,444.54,100.72
2023-04-21,3.961,2.671,2.719,9.429,104.491,99.85,442.5,100.9
2023-04-24,3.91,2.649,2.714,9.435,104.602,99.91,441.16,100.96
2023-04-25,3.891,2.601,2.736,9.427,104.535,99.59,444.98,100.955
2023-04-26,3.882,2.609,2.742,9.435,104.703,99.32,446.34,101.09
2023-04-27,3.917,2.615,2.75,9.447,104.748,99.91,447.28,101.3
2023-04-28,3.956,2.655,2.786,9.462,104.743,100.0,444.04,101.255
2023-05-04,3.956,2.648,2.857,9.49,104.919,100.05,455.26,101.385
2023-05-05,3.94,2.619,2.885,9.496,105.153,100.16,457.92,101.68
2023-05-08,3.985,2.635,2.976,9.492,105.189,99.96,452.36,101.48
2023-05-09,3.95,2.603,2.938,9.502,105.127,99.97,453.18,101.545
2023-05-10,3.919,2.608,2.87,9.51,105.169,99.95,454.9,101.705
2023-05-11,3.914,2.606,2.863,9.511,105.345,100.03,454.82,101.835
2023-05-12,3.863,2.573,2.85,9.51,105.276,100.09,451.5,101.755
2023-05-15,3.926,2.591,2.843,9.494,105.206,100.04,453.42,101.7
2023-05-16,3.909,2.567,2.823,9.487,105.18,99.97,452.26,101.71
2023-05-17,3.882,2.58,2.81,9.482,105.185,99.99,450.24,101.63
2023-05-18,3.881,2.592,2.838,9.469,105.191,99.92,449.4,101.63
2023-05-19,3.875,2.603,2.795,9.49,105.221,100.0,447.62,101.305
2023-05-22,3.895,2.598,2.785,9.506,105.269,100.15,449.54,101.36
2023-05-23,3.838,2.573,2.747,9.513,105.468,100.36,447.62,101.58
2023-05-24,3.785,2.567,2.705,9.505,105.513,100.33,449.9,101.575
2023-05-25,3.776,2.562,2.69,9.507,105.453,100.28,448.0,101.47
2023-05-26,3.781,2.585,2.718,9.508,105.418,100.27,445.5,101.36
2023-05-29,3.765,2.58,2.749,9.518,105.455,100.31,445.66,101.49
2023-05-30,3.769,2.591,2.748,9.52,105.506,100.27,444.62,101.43
2023-05-31,3.733,2.592,2.715,9.521,105.545,100.23,450.86,101.52
2023-06-01,3.741,2.598,2.712,9.521,105.627,100.46,450.98,101.65
2023-06-02,3.794,2.616,2.711,9.51,105.571,100.49,452.3,101.295
2023-06-05,3.776,2.617,2.729,9.517,105.603,100.46,447.26,101.47
2023-06-06,3.739,2.561,2.719,9.518,105.633,100.46,450.28,101.62
2023-06-07,3.727,2.561,2.75,9.518,105.72,100.59,451.1,101.7
2023-06-08,3.759,2.549,2.787,9.519,105.758,100.5,448.46,101.625
2023-06-09,3.775,2.567,2.768,9.53,105.887,100.56,452.34,101.89
2023-06-12,3.779,2.579,2.737,9.534,105.863,100.6,452.5,101.88
2023-06-13,3.808,2.59,2.73,9.538,106.041,100.59,453.68,102.145
2023-06-14,3.808,2.599,2.712,9.539,106.143,100.68,450.9,102.195
2023-06-15,3.873,2.614,2.721,9.531,105.878,100.59,447.14,101.845
2023-06-16,3.91,2.637,2.716,9.509,105.663,100.35,450.5,101.585
2023-06-19,3.88,2.646,2.679,9.509,105.659,100.32,451.24,101.445
2023-06-20,3.873,2.649,2.652,9.517,105.651,100.24,451.76,101.58
2023-06-21,3.818,2.596,2.635,9.538,105.815,100.32,449.84,101.67
2023-06-26,3.774,2.549,2.589,9.534,105.911,100.27,449.14,101.725
2023-06-27,3.8,2.574,2.642,9.525,105.813,100.26,448.86,101.635
2023-06-28,3.808,2.57,2.662,9.522,105.823,100.33,447.1,101.77
2023-06-29,3.79,2.581,2.66,9.511,105.795,100.39,447.5,101.81
2023-06-30,3.813,2.622,2.665,9.525,105.91,100.65,448.6,101.99
2023-07-03,3.858,2.616,2.7,9.525,105.973,100.54,449.52,101.88
2023-07-04,3.865,2.628,2.677,9.527,105.867,100.49,449.94,101.745
2023-07-05,3.838,2.608,2.675,9.528,106.046,100.48,450.7,101.915
2023-07-06,3.81,2.599,2.668,9.534,106.036,100.53,451.66,101.855
2023-07-07,3.799,2.588,2.686,9.549,106.106,100.65,450.82,101.935
2023-07-10,3.815,2.589,2.693,9.554,106.122,100.71,452.08,101.975
2023-07-11,3.841,2.61,2.691,9.555,106.155,100.85,452.2,102.045
2023-07-12,3.822,2.572,2.673,9.565,106.155,100.89,452.12,102.05
2023-07-13,3.885,2.597,2.704,9.561,106.147,100.88,456.32,102.0
2023-07-14,3.883,2.594,2.719,9.566,106.13,100.98,454.0,101.965
2023-07-17,3.855,2.585,2.702,9.564,106.232,100.96,455.34,102.145
2023-07-18,3.849,2.583,2.695,9.561,106.33,100.97,456.94,102.225
2023-07-19,3.847,2.577,2.714,9.561,106.336,101.05,462.48,102.175
2023-07-20,3.819,2.544,2.705,9.559,106.364,101.03,461.96,102.27
2023-07-21,3.821,2.541,2.705,9.56,106.424,101.05,459.3,102.355
2023-07-24,3.804,2.535,2.703,9.576,106.45,101.03,459.1,102.425
2023-07-25,3.916,2.576,2.745,9.56,106.187,100.96,456.8,101.85
2023-07-26,3.907,2.564,2.752,9.572,106.24,100.97,458.68,102.07
2023-07-27,3.903,2.544,2.761,9.581,106.375,100.93,459.76,102.175
2023-07-28,3.999,2.566,2.813,9.583,106.273,100.96,456.3,102.06
2023-07-31,4.015,2.583,2.833,9.581,106.185,100.97,455.98,101.99
2023-08-01,3.997,2.579,2.837,9.58,106.246,100.92,457.58,102.01
2023-08-02,3.968,2.574,2.798,9.579,106.29,100.93,457.18,102.09
2023-08-03,4.004,2.576,2.814,9.581,106.339,100.94,455.04,102.22
2023-08-04,4.025,2.591,2.803,9.585,106.37,100.94,454.4,102.25
2023-08-07,3.994,2.579,2.775,9.593,106.39,100.96,455.64,102.31
2023-08-08,3.979,2.568,2.77,9.594,106.432,101.25,455.64,102.35
2023-08-09,3.971,2.548,2.76,9.6,106.462,101.05,455.36,102.335
2023-08-10,3.976,2.546,2.781,9.604,106.448,101.04,453.62,102.3
2023-08-11,3.881,2.499,2.739,9.608,106.497,101.09,455.56,102.36
2023-08-14,3.854,2.505,2.733,9.613,106.588,101.1,455.74,102.45
2023-08-15,3.85,2.486,2.757,9.633,106.878,101.23,455.86,102.705
2023-08-16,3.82,2.454,2.756,9.63,106.966,101.24,457.1,102.815
2023-08-17,3.833,2.475,2.755,9.634,106.906,101.19,456.86,102.72
2023-08-18,3.783,2.426,2.756,9.638,106.973,101.23,455.1,102.82
2023-08-21,3.731,2.399,2.731,9.649,107.167,101.3,457.08,103.055
2023-08-22,3.754,2.414,2.749,9.651,107.109,101.31,456.5,102.665
2023-08-23,3.699,2.368,2.755,9.653,107.088,101.31,457.88,102.65
2023-08-24,3.722,2.37,2.739,9.649,107.079,101.32,460.04,102.665
2023-08-25,3.715,2.331,2.742,9.657,107.028,101.32,458.5,102.5
2023-08-28,3.768,2.346,2.784,9.662,106.855,101.29,458.62,102.445
2023-08-29,3.79,2.418,2.784,9.65,106.699,101.27,460.14,102.295
2023-08-30,3.789,2.43,2.754,9.652,106.852,101.19,461.48,102.405
2023-08-31,3.77,2.423,2.721,9.651,106.92,101.2,463.16,102.415
2023-09-01,3.793,2.421,2.749,9.651,106.732,101.14,462.46,102.11
2023-09-04,3.851,2.458,2.795,9.627,106.496,101.1,464.38,101.945
2023-09-05,3.824,2.444,2.771,9.642,106.557,101.1,464.98,101.905
2023-09-06,3.814,2.453,2.768,9.639,106.423,101.08,464.24,101.68
2023-09-07,3.761,2.411,2.76,9.624,106.295,101.02,464.12,101.59
2023-09-08,3.74,2.416,2.741,9.622,106.361,100.91,466.84,101.685
2023-09-11,3.768,2.452,2.762,9.608,106.393,100.94,466.54,101.745
2023-09-12,3.763,2.45,2.757,9.611,106.492,100.89,466.76,101.79
2023-09-13,3.738,2.418,2.772,9.609,106.553,100.93,467.66,101.935
2023-09-14,3.735,2.409,2.81,9.617,106.635,100.98,472.0,102.07
2023-09-15,3.718,2.41,2.812,9.617,106.513,101.02,469.72,101.81
2023-09-18,3.731,2.412,2.814,9.617,106.361,101.0,467.32,101.71
2023-09-19,3.726,2.394,2.835,9.621,106.373,100.99,469.8,101.74
2023-09-20,3.708,2.372,2.843,9.621,106.353,100.98,471.38,101.72
2023-09-21,3.673,2.354,2.824,9.625,106.453,101.01,470.88,101.87
2023-09-22,3.748,2.402,2.838,9.626,106.275,101.03,470.48,101.615
2023-09-25,3.72,2.389,2.832,9.626,106.153,101.02,471.48,101.56
2023-09-26,3.699,2.379,2.819,9.632,106.084,101.03,470.6,101.6
2023-09-27,3.709,2.394,2.808,9.625,106.003,100.99,466.9,101.62
2023-09-28,3.695,2.412,2.804,9.642,106.424,101.08,459.5,101.785
2023-10-09,3.685,2.402,2.799,9.641,106.458,101.05,454.8,101.8
2023-10-10,3.658,2.394,2.77,9.645,106.355,101.15,450.58,101.7
2023-10-11,3.666,2.399,2.761,9.644,106.198,101.13,450.4,101.49
2023-10-12,3.702,2.417,2.787,9.641,106.203,101.1,453.66,101.565
2023-10-13,3.667,2.412,2.783,9.646,106.285,101.11,454.92,101.66
2023-10-16,3.624,2.385,2.802,9.646,106.367,101.07,461.2,101.755
2023-10-17,3.636,2.381,2.798,9.648,106.333,101.06,463.4,101.605
2023-10-18,3.608,2.341,2.775,9.648,106.286,101.06,467.94,101.55
2023-10-19,3.531,2.316,2.73,9.644,106.175,101.01,471.26,101.25
2023-10-20,3.513,2.29,2.707,9.643,106.298,100.89,476.68,101.47
2023-10-23,3.475,2.231,2.677,9.646,106.399,100.81,476.0,101.59
2023-10-24,3.48,2.26,2.698,9.638,106.242,100.7,475.2,101.48
2023-10-25,3.5,2.286,2.721,9.636,106.329,100.7,473.92,101.715
2023-10-26,3.513,2.302,2.731,9.645,106.399,100.72,476.66,101.67
2023-10-27,3.567,2.346,2.742,9.646,106.396,100.72,476.98,101.685
2023-10-30,3.583,2.377,2.701,9.644,106.441,100.73,478.12,101.725
2023-10-31,3.575,2.364,2.709,9.654,106.554,100.8,478.94,101.89
2023-11-01,3.573,2.361,2.706,9.654,106.631,100.8,477.18,101.915
2023-11-02,3.556,2.335,2.715,9.661,106.756,100.81,478.72,102.095
2023-11-03,3.584,2.365,2.701,9.665,106.739,100.85,478.2,102.055
2023-11-06,3.632,2.414,2.682,9.666,106.765,100.85,475.96,102.095
2023-11-07,3.621,2.422,2.684,9.67,106.783,100.88,474.0,102.045
2023-11-08,3.61,2.432,2.683,9.672,106.814,100.87,471.84,102.15
2023-11-09,3.613,2.416,2.708,9.674,106.832,100.88,468.9,102.115
2023-11-10,3.586,2.412,2.7,9.678,106.884,100.88,471.36,102.18
2023-11-13,3.581,2.437,2.705,9.686,106.948,100.91,469.98,102.195
2023-11-14,3.581,2.45,2.695,9.689,106.793,100.92,471.52,102.085
2023-11-15,3.606,2.46,2.704,9.688,106.772,100.95,472.98,102.075
2023-11-16,3.57,2.434,2.706,9.694,106.908,100.97,471.86,102.2
2023-11-17,3.565,2.461,2.696,9.699,106.924,101.02,473.44,102.2
2023-11-20,3.576,2.478,2.7,9.698,106.88,101.04,468.0,102.195
2023-11-21,3.581,2.46,2.716,9.701,106.851,101.04,466.98,102.1
2023-11-22,3.542,2.433,2.708,9.702,106.783,101.01,466.1,101.905
2023-11-23,3.561,2.457,2.728,9.705,106.628,101.03,465.46,101.625
2023-11-24,3.536,2.422,2.736,9.707,106.641,101.03,465.9,101.695
2023-11-27,3.512,2.423,2.727,9.699,106.649,101.03,470.08,101.585
2023-11-28,3.516,2.432,2.721,9.698,106.756,100.98,471.6,101.825
2023-11-29,3.489,2.425,2.708,9.694,106.778,100.97,475.46,101.895
2023-11-30,3.493,2.409,2.717,9.702,106.793,100.98,475.72,101.915
2023-12-01,3.479,2.432,2.729,9.702,106.796,100.98,475.78,101.97
2023-12-04,3.455,2.421,2.735,9.703,106.794,100.99,481.62,101.895
2023-12-05,3.389,2.377,2.699,9.704,106.8,100.98,475.0,102.0
2023-12-06,3.394,2.387,2.696,9.698,106.714,100.93,474.08,101.97
2023-12-07,3.385,2.385,2.697,9.694,106.823,100.91,474.88,102.06
2023-12-08,3.392,2.38,2.698,9.696,106.853,100.95,475.2,102.055
2023-12-11,3.416,2.405,2.724,9.699,106.968,100.94,471.6,102.25
2023-12-12,3.424,2.411,2.736,9.693,106.978,100.95,469.9,102.215
2023-12-13,3.366,2.388,2.714,9.703,107.134,100.95,469.02,102.475
2023-12-14,3.35,2.38,2.722,9.705,107.174,100.99,476.2,102.355
2023-12-15,3.343,2.363,2.705,9.711,107.154,101.06,475.46,102.53
2023-12-18,3.329,2.325,2.702,9.716,107.202,101.11,474.9,102.475
2023-12-19,3.331,2.327,2.694,9.716,107.208,101.16,475.9,102.53
2023-12-20,3.3,2.285,2.692,9.716,107.092,101.18,476.92,102.48
2023-12-21,3.331,2.297,2.672,9.718,107.128,101.2,477.02,102.59
2023-12-22,3.337,2.277,2.668,9.725,107.154,101.22,479.54,102.67
2023-12-25,3.346,2.273,2.666,9.731,107.184,101.26,480.8,102.855
2023-12-26,3.326,2.243,2.649,9.73,107.199,101.28,481.4,102.845
2023-12-27,3.336,2.256,2.661,9.736,107.352,101.32,482.6,102.925
2023-12-28,3.42,2.303,2.643,9.744,107.362,101.37,483.6,102.805
2023-12-29,3.43,2.337,2.658,9.756,107.389,101.47,481.7,102.845
2024-01-02,3.384,2.317,2.697,9.763,107.478,101.53,483.32,102.725
2024-01-03,3.374,2.306,2.737,9.763,107.503,101.52,483.58,102.815
2024-01-04,3.344,2.292,2.761,9.772,107.67,101.51,481.64,102.815
2024-01-05,3.327,2.255,2.771,9.787,107.913,101.52,482.38,102.95
2024-01-08,3.28,2.196,2.742,9.784,108.012,101.55,481.72,102.925
2024-01-09,3.288,2.196,2.765,9.782,108.023,101.59,481.02,103.105
2024-01-10,3.272,2.181,2.75,9.783,108.071,101.61,479.86,102.965
2024-01-11,3.291,2.225,2.722,9.784,108.043,101.62,480.24,102.99
2024-01-12,3.28,2.206,2.737,9.785,107.988,101.62,480.78,102.77
2024-01-15,3.276,2.199,2.751,9.785,107.901,101.62,483.58,102.83
2024-01-16,3.298,2.193,2.761,9.787,107.865,101.63,483.34,102.78
2024-01-17,3.223,2.131,2.724,9.79,108.007,101.63,479.66,102.935
2024-01-18,3.268,2.125,2.699,9.791,108.015,101.63,478.72,102.855
2024-01-19,3.275,2.098,2.677,9.796,108.13,101.66,480.36,102.995
2024-01-22,3.206,1.981,2.608,9.798,108.221,101.68,478.88,103.125
2024-01-23,3.228,2.007,2.626,9.799,108.161,101.72,479.18,103.02
2024-01-24,3.279,2.039,2.694,9.798,108.121,101.71,478.66,103.06
2024-01-25,3.335,2.11,2.766,9.8,108.204,101.73,476.84,103.15
2024-01-26,3.329,2.083,2.807,9.81,108.233,101.78,478.72,103.095
2024-01-29,3.299,2.025,2.822,9.812,108.272,101.77,480.04,103.21
2024-01-30,3.243,1.968,2.788,9.816,108.533,101.8,481.0,103.45
2024-01-31,3.222,1.894,2.792,9.827,108.72,101.86,481.58,103.57
2024-02-01,3.218,1.877,2.762,9.829,108.794,101.9,482.84,103.495
2024-02-02,3.188,1.812,2.77,9.832,108.782,101.95,484.82,103.525
2024-02-05,3.208,1.7,2.776,9.84,108.934,102.03,481.44,103.62
2024-02-06,3.311,1.818,2.818,9.835,108.671,102.0,480.66,103.28
2024-02-07,3.34,1.901,2.862,9.841,108.573,102.02,482.1,103.41
2024-02-08,3.362,1.98,2.863,9.855,108.976,102.14,483.54,103.25
2024-02-19,3.389,1.983,2.933,9.85,108.923,102.15,480.7,103.415
2024-02-20,3.401,1.988,2.977,9.847,109.022,102.15,480.42,103.495
2024-02-21,3.449,1.998,2.97,9.851,109.086,102.18,480.42,103.64
2024-02-22,3.475,2.033,3.028,9.853,109.214,102.22,480.06,103.765
2024-02-23,3.478,2.068,3.01,9.865,109.327,102.29,478.96,103.77
2024-02-26,3.443,2.072,2.941,9.867,109.326,102.35,481.54,103.88
2024-02-27,3.484,2.136,2.958,9.87,109.437,102.39,481.42,103.85
2024-02-28,3.448,2.031,2.952,9.868,109.525,102.38,481.28,104.03
2024-02-29,3.503,2.114,2.97,9.872,109.611,102.44,481.82,104.09
2024-03-01,3.53,2.138,2.965,9.867,109.4,102.42,483.8,103.64
2024-03-04,3.527,2.142,2.992,9.875,109.509,102.47,490.1,103.87
2024-03-05,3.556,2.126,3.013,9.878,109.515,102.45,497.36,103.96
2024-03-06,3.542,2.124,3.011,9.879,109.783,102.48,500.7,104.195
2024-03-07,3.523,2.092,3.03,9.876,109.9,102.46,505.88,104.125
2024-03-08,3.533,2.12,3.047,9.883,109.886,102.52,506.28,104.055
2024-03-11,3.581,2.163,3.015,9.883,109.842,102.54,508.3,103.985
2024-03-12,3.586,2.173,2.944,9.877,109.226,102.5,506.74,103.79
2024-03-13,3.565,2.18,2.926,9.872,108.983,102.51,505.62,103.885
2024-03-14,3.552,2.167,2.935,9.862,109.033,102.53,506.34,103.715
2024-03-15,3.561,2.201,2.929,9.87,109.232,102.56,508.16,103.855
2024-03-18,3.592,2.238,2.912,9.873,109.474,102.59,504.04,103.905
2024-03-19,3.569,2.216,2.91,9.876,109.634,102.59,505.22,104.1
2024-03-20,3.572,2.236,2.916,9.875,109.66,102.6,505.74,103.925
2024-03-21,3.57,2.235,2.92,9.879,109.744,102.64,515.7,104.07
2024-03-22,3.539,2.209,2.926,9.884,109.754,102.7,512.48,103.81
2024-03-25,3.52,2.159,2.936,9.882,109.656,102.69,513.42,103.795
2024-03-26,3.531,2.149,2.919,9.881,109.633,102.71,514.2,103.765
2024-03-27,3.493,2.078,2.918,9.886,109.671,102.75,516.42,103.91
2024-03-28,3.51,2.127,2.91,9.883,109.67,102.73,520.0,103.9
2024-03-29,3.526,2.15,2.93,9.89,109.852,102.77,531.3,104.11
2024-04-01,3.584,2.196,2.925,9.885,109.704,102.73,534.04,103.785
2024-04-02,3.572,2.184,2.946,9.89,109.817,102.78,534.74,103.91
2024-04-03,3.558,2.177,2.983,9.899,109.974,102.85,541.52,104.025
2024-04-08,3.529,2.131,2.993,9.902,110.054,102.88,554.74,104.11
2024-04-09,3.523,2.159,2.978,9.916,110.148,102.91,556.92,104.24
2024-04-10,3.497,2.12,2.989,9.916,110.124,102.93,558.78,104.14
2024-04-11,3.494,2.125,3.029,9.918,110.112,102.98,555.22,104.175
2024-04-12,3.466,2.107,3.022,9.925,110.286,103.06,570.5,104.395
2024-04-15,3.539,2.088,3.088,9.931,110.363,103.1,563.88,104.415
2024-04-16,3.507,1.997,3.102,9.937,110.371,103.14,567.0,104.46
2024-04-17,3.553,2.089,3.135,9.938,110.423,103.14,567.78,104.465
2024-04-18,3.559,2.086,3.144,9.947,110.583,103.17,565.52,104.61
2024-04-19,3.531,2.076,3.166,9.958,110.626,103.25,568.3,104.575
2024-04-22,3.524,2.072,3.079,9.968,110.713,103.31,558.42,104.645
2024-04-23,3.499,2.058,3.031,9.983,110.95,103.38,544.84,104.845
2024-04-24,3.513,2.097,3.032,9.963,110.627,103.33,551.0,104.48
2024-04-25,3.523,2.096,3.051,9.965,110.585,103.33,550.28,104.47
2024-04-26,3.573,2.14,3.022,9.941,110.244,103.24,554.58,104.195
2024-04-29,3.616,2.193,2.988,9.925,109.858,103.13,551.46,103.785
2024-04-30,3.598,2.17,3.001,9.946,110.171,103.28,549.5,104.115
2024-05-06,3.648,2.211,3.018,9.952,110.334,103.23,548.32,104.115
2024-05-07,3.65,2.22,3.018,9.966,110.535,103.28,549.82,104.375
2024-05-08,3.621,2.184,3.04,9.972,110.578,103.35,549.0,104.425
2024-05-09,3.656,2.223,3.051,9.971,110.443,103.36,548.1,104.215
2024-05-10,3.658,2.203,3.07,9.968,110.368,103.38,561.4,104.295
2024-05-13,3.655,2.182,3.074,9.974,110.559,103.41,557.62,104.445
2024-05-14,3.649,2.192,3.061,9.978,110.6,103.4,554.62,104.465
2024-05-15,3.623,2.172,3.06,9.983,110.525,103.44,559.02,104.44
2024-05-16,3.635,2.167,3.067,9.981,110.483,103.43,564.42,104.27
2024-05-17,3.676,2.203,3.088,9.981,110.419,103.44,564.86,104.25
2024-05-20,3.684,2.211,3.127,9.982,110.554,103.45,578.84,104.28
2024-05-21,3.672,2.188,3.143,9.982,110.532,103.44,572.22,104.21
2024-05-22,3.68,2.191,3.143,9.985,110.528,103.46,573.32,104.275
2024-05-23,3.643,2.143,3.101,9.987,110.724,103.49,559.72,104.36
2024-05-24,3.602,2.117,3.096,9.991,110.673,103.52,554.48,104.305
2024-05-27,3.632,2.142,3.153,9.99,110.656,103.52,555.78,104.345
2024-05-28,3.609,2.117,3.144,9.993,110.739,103.52,555.96,104.465
2024-05-29,3.61,2.116,3.147,10.001,110.812,103.55,559.7,104.5
2024-05-30,3.596,2.115,3.124,10.005,110.823,103.56,554.2,104.485
2024-05-31,3.582,2.121,3.131,10.009,110.7,103.56,556.86,104.35
2024-06-03,3.587,2.092,3.1,10.01,110.775,103.58,551.56,104.53
2024-06-04,3.612,2.106,3.113,10.01,110.858,103.61,556.24,104.575
2024-06-05,3.599,2.08,3.075,10.014,110.934,103.65,553.62,104.67
2024-06-06,3.599,2.036,3.092,10.015,111.023,103.69,562.14,104.675
2024-06-07,3.576,2.044,3.119,10.017,111.197,103.74,562.3,104.695
2024-06-11,3.551,2.063,3.063,10.017,111.164,103.72,544.78,104.76
2024-06-12,3.547,2.069,3.104,10.018,111.085,103.71,548.04,104.695
2024-06-13,3.534,2.056,3.076,10.018,111.061,103.68,548.44,104.72
2024-06-14,3.554,2.062,3.081,10.023,111.099,103.72,548.48,104.755
2024-06-17,3.544,2.059,3.039,10.021,111.125,103.73,549.46,104.765
2024-06-18,3.555,2.078,3.046,10.02,111.153,103.73,550.08,104.855
2024-06-19,3.545,2.05,3.046,10.018,111.256,103.73,552.4,104.975
2024-06-20,3.522,2.012,3.052,10.021,111.385,103.76,557.16,105.015
2024-06-21,3.516,2.009,3.057,10.022,111.3,103.78,559.74,104.91
2024-06-24,3.499,1.943,3.015,10.025,111.365,103.79,551.18,105.055
2024-06-25,3.478,1.927,3.028,10.023,111.433,103.81,552.16,105.15
2024-06-26,3.499,1.985,3.036,10.025,111.544,103.8,548.7,105.135
2024-06-27,3.48,1.936,3.036,10.025,111.626,103.8,545.4,105.305
2024-06-28,3.487,1.946,3.059,10.029,111.766,103.84,551.52,105.32
2024-07-01,3.501,1.964,3.127,10.032,111.532,103.85,551.42,104.975
2024-07-02,3.496,1.95,3.129,10.035,111.628,103.86,552.48,105.24
2024-07-03,3.49,1.934,3.107,10.036,111.73,103.87,555.7,105.37
2024-07-04,3.475,1.895,3.093,10.038,111.744,103.88,558.34,105.27
2024-07-05,3.458,1.914,3.076,10.04,111.658,103.92,559.66,105.135
2024-07-08,3.434,1.868,3.065,10.037,111.419,103.87,560.74,104.875
2024-07-09,3.471,1.909,3.091,10.037,111.525,103.89,558.66,105.085
2024-07-10,3.463,1.9,3.025,10.037,111.627,103.89,561.1,105.11
2024-07-11,3.509,1.949,3.02,10.04,111.615,103.91,565.46,105.13
2024-07-12,3.519,1.941,3.016,10.045,111.734,103.95,568.54,105.245
2024-07-15,3.526,1.92,3.053,10.048,111.807,103.95,568.34,105.34
2024-07-16,3.551,1.925,3.04,10.05,111.825,103.95,574.94,105.38
2024-07-17,3.556,1.912,3.027,10.052,111.884,103.97,581.56,105.435
2024-07-18,3.577,1.917,3.031,10.055,111.818,103.98,581.48,105.3
2024-07-19,3.6,1.918,3.008,10.063,111.886,104.01,565.94,105.46
2024-07-22,3.571,1.921,2.976,10.074,112.132,104.04,565.4,105.715
2024-07-23,3.501,1.867,2.955,10.086,112.277,104.08,562.6,105.87
2024-07-24,3.479,1.841,2.957,10.082,112.382,104.09,569.64,105.86
2024-07-25,3.459,1.843,2.943,10.076,112.378,104.09,555.68,105.835
2024-07-26,3.474,1.873,2.925,10.083,112.488,104.11,557.38,105.925
2024-07-29,3.454,1.864,2.937,10.084,112.519,104.15,561.24,105.95
2024-07-30,3.431,1.872,2.922,10.086,112.609,104.2,562.02,105.96
2024-07-31,3.508,1.956,2.951,10.086,112.73,104.22,566.28,106.115
2024-08-01,3.483,1.943,2.954,10.087,112.961,104.21,570.9,106.265
2024-08-02,3.447,1.916,2.946,10.097,112.976,104.22,574.04,106.31
2024-08-05,3.408,1.864,2.905,10.107,113.151,104.24,559.94,106.55
2024-08-06,3.408,1.89,2.894,10.107,112.926,104.24,554.18,106.31
2024-08-07,3.401,1.888,2.906,10.109,113.14,104.25,556.06,106.515
2024-08-08,3.405,1.89,2.917,10.102,112.816,104.24,556.1,106.19
2024-08-09,3.393,1.871,2.906,10.092,112.686,104.24,560.7,105.945
2024-08-12,3.389,1.864,2.926,10.066,112.088,104.07,565.3,105.31
2024-08-13,3.394,1.869,2.927,10.069,112.36,104.13,569.46,105.535
2024-08-14,3.37,1.85,2.92,10.078,112.629,104.18,568.22,105.69
2024-08-15,3.408,1.867,2.949,10.078,112.45,104.19,566.98,105.545
2024-08-16,3.41,1.852,2.954,10.084,112.574,104.21,567.74,105.695
2024-08-19,3.419,1.856,2.984,10.085,112.621,104.22,573.7,105.8
2024-08-20,3.403,1.823,2.949,10.082,112.68,104.21,574.24,105.79
2024-08-21,3.388,1.813,2.916,10.07,112.543,104.1,576.2,105.515
2024-08-22,3.379,1.79,2.919,10.077,112.721,104.14,574.46,105.86
2024-08-23,3.393,1.791,2.917,10.075,112.758,104.14,572.58,105.95
2024-08-26,3.394,1.798,2.901,10.063,112.781,104.1,576.2,106.0
2024-08-27,3.377,1.778,2.908,10.042,112.694,103.94,575.94,105.74
2024-08-28,3.357,1.78,2.895,10.052,112.707,104.0,575.16,105.9
2024-08-29,3.347,1.81,2.839,10.055,112.617,104.04,575.06,105.83
2024-08-30,3.392,1.845,2.848,10.059,112.599,104.1,574.06,105.755
2024-09-02,3.332,1.805,2.863,10.061,112.866,104.12,570.82,106.03
2024-09-03,3.344,1.821,2.836,10.061,112.981,104.09,572.12,106.065
2024-09-04,3.323,1.814,2.835,10.068,113.025,104.13,568.22,106.13
2024-09-05,3.33,1.829,2.837,10.073,113.122,104.17,572.04,106.155
2024-09-06,3.302,1.798,2.813,10.081,113.143,104.17,573.68,106.295
2024-09-09,3.261,1.783,2.758,10.082,113.19,104.18,569.22,106.395
2024-09-10,3.261,1.789,2.765,10.081,113.314,104.16,573.24,106.6
2024-09-11,3.254,1.788,2.701,10.079,113.413,104.19,576.12,106.7
2024-09-12,3.243,1.782,2.711,10.08,113.362,104.22,575.22,106.635
2024-09-13,3.228,1.76,2.703,10.083,113.548,104.26,583.58,106.805
2024-09-18,3.238,1.752,2.736,10.078,113.7,104.28,582.98,106.905
2024-09-19,3.265,1.787,2.731,10.071,113.646,104.25,582.2,106.785
2024-09-20,3.274,1.777,2.732,10.072,113.753,104.29,590.62,106.965
2024-09-23,3.283,1.779,2.763,10.071,113.793,104.28,595.14,106.93
2024-09-24,3.427,1.855,2.897,10.07,113.532,104.25,594.24,106.67
2024-09-25,3.474,1.868,2.943,10.075,113.85,104.33,598.36,106.95
2024-09-26,3.64,1.957,3.047,10.072,113.631,104.32,599.9,106.605
2024-09-27,3.869,2.135,3.036,10.044,112.873,104.13,599.42,105.64
2024-09-30,4.233,2.352,3.257,10.021,112.254,103.96,596.72,105.365
2024-10-08,4.412,2.492,3.262,9.957,112.658,103.47,596.22,105.345
2024-10-09,4.022,2.287,3.006,9.899,112.669,103.15,588.56,105.61
2024-10-10,4.086,2.258,3.128,9.993,113.0,103.77,590.7,105.86
2024-10-11,3.977,2.166,3.084,10.006,113.25,104.1,597.38,105.91
2024-10-14,4.04,2.246,3.17,10.053,113.142,104.21,603.3,105.935
2024-10-15,3.931,2.199,3.089,10.065,113.241,104.29,603.64,106.185
2024-10-16,3.906,2.207,3.137,10.067,113.238,104.3,611.98,106.09
2024-10-17,3.863,2.198,3.089,10.066,113.35,104.34,614.26,106.345
2024-10-18,4.016,2.3,3.11,10.06,113.3,104.35,619.06,106.16
2024-10-21,4.016,2.342,3.09,10.056,113.272,104.37,625.82,106.255
2024-10-22,4.04,2.355,3.102,10.054,113.299,104.37,626.5,106.035
2024-10-23,4.055,2.361,3.103,10.034,113.05,104.23,629.96,105.87
2024-10-24,4.011,2.345,3.084,10.045,113.05,104.28,624.54,105.765
2024-10-25,4.04,2.4,3.082,10.049,112.993,104.29,624.72,105.795
2024-10-28,4.046,2.433,3.103,10.042,112.966,104.25,626.58,105.855
2024-10-29,4.013,2.396,3.058,10.04,113.046,104.3,631.8,105.96
2024-10-30,3.971,2.41,3.023,10.04,113.018,104.29,638.62,105.94
2024-10-31,3.971,2.446,3.004,10.041,113.082,104.3,635.66,105.95
2024-11-01,3.979,2.374,3.033,10.049,113.27,104.33,629.72,106.195
2024-11-04,4.032,2.429,3.047,10.051,113.282,104.35,625.38,106.14
2024-11-05,4.137,2.512,3.076,10.049,113.318,104.35,625.02,106.325
2024-11-06,4.111,2.52,3.048,10.049,113.386,104.38,624.06,106.32
2024-11-07,4.248,2.568,3.117,10.054,113.46,104.4,611.32,106.45
2024-11-08,4.194,2.57,3.084,10.061,113.555,104.46,615.48,106.47
2024-11-11,4.215,2.631,3.051,10.067,113.57,104.46,615.78,106.485
2024-11-12,4.169,2.604,3.031,10.075,113.782,104.5,605.66,106.785
2024-11-13,4.195,2.589,3.051,10.075,113.802,104.51,604.46,106.71
2024-11-14,4.124,2.512,3.025,10.077,113.75,104.51,593.1,106.715
2024-11-15,4.055,2.452,3.028,10.08,113.8,104.52,593.3,106.71
2024-11-18,4.038,2.393,3.076,10.074,113.682,104.52,600.6,106.55
2024-11-19,4.058,2.454,3.067,10.081,113.63,104.54,609.84,106.75
2024-11-20,4.068,2.5,3.073,10.087,113.708,104.56,610.6,106.67
2024-11-21,4.073,2.506,3.076,10.086,113.83,104.56,617.7,106.86
2024-11-22,3.953,2.41,3.0,10.089,113.909,104.57,627.88,106.93
2024-11-25,3.931,2.421,3.006,10.098,113.981,104.6,619.16,107.095
2024-11-26,3.923,2.389,3.017,10.097,114.08,104.61,610.84,107.04
2024-11-27,3.987,2.449,3.047,10.101,114.049,104.63,616.46,107.01
2024-11-28,3.958,2.435,3.044,10.113,114.101,104.65,613.2,107.17
2024-11-29,4.001,2.476,3.059,10.125,114.251,104.67,618.8,107.09
2024-12-02,4.031,2.527,3.067,10.159,114.625,104.75,613.28,107.5
2024-12-03,4.035,2.52,3.099,10.16,114.623,104.77,619.32,107.3
2024-12-04,4.014,2.486,3.124,10.17,114.82,104.84,618.22,107.58
2024-12-05,4.007,2.515,3.117,10.164,114.948,104.85,618.4,107.565
2024-12-06,4.057,2.543,3.16,10.165,114.901,104.9,615.94,107.55
2024-12-09,4.054,2.52,3.168,10.168,114.945,104.91,619.12,107.515
2024-12-10,4.085,2.547,3.164,10.197,115.788,104.96,621.44,108.215
2024-12-11,4.075,2.58,3.177,10.176,115.83,104.96,627.06,108.12
2024-12-12,4.117,2.6,3.183,10.18,116.036,105.01,631.38,108.28
2024-12-13,4.02,2.548,3.146,10.19,116.549,105.1,625.6,108.49
2024-12-16,3.996,2.515,3.175,10.204,116.759,105.14,619.72,108.715
2024-12-17,4.007,2.46,3.17,10.205,116.713,105.09,619.14,108.615
2024-12-18,4.024,2.48,3.19,10.181,116.601,105.0,618.5,108.465
2024-12-19,4.03,2.487,3.15,10.168,116.517,104.99,613.52,108.535
2024-12-20,4.018,2.512,3.122,10.179,116.915,105.11,613.94,108.895
2024-12-23,4.022,2.44,3.136,10.179,116.994,105.15,620.14,108.755
2024-12-24,4.069,2.467,3.169,10.171,116.768,105.13,617.58,108.7
2024-12-25,4.072,2.442,3.184,10.166,116.626,105.06,619.0,108.6
2024-12-26,4.073,2.466,3.174,10.17,116.499,105.03,619.74,108.5
2024-12-27,4.067,2.47,3.173,10.18,116.91,105.09,620.22,108.86
2024-12-30,4.086,2.463,3.22,10.178,116.746,105.14,617.66,108.595
2024-12-31,4.022,2.383,3.209,10.183,116.871,105.1,617.6,108.925
2025-01-02,3.909,2.318,3.137,10.205,117.535,105.25,622.4,109.18
2025-01-03,3.869,2.253,3.106,10.223,117.839,105.35,627.96,109.44
2025-01-06,3.853,2.24,3.106,10.231,117.898,105.42,624.92,109.47
2025-01-07,3.88,2.273,3.092,10.216,117.747,105.43,625.02,109.38
2025-01-08,3.874,2.262,3.086,10.221,117.742,105.42,627.96,109.425
2025-01-09,3.866,2.267,3.042,10.216,117.484,105.39,631.3,109.19
2025-01-10,3.823,2.218,3.009,10.21,117.432,105.36,635.46,109.16
2025-01-13,3.808,2.223,2.982,10.206,117.371,105.27,637.14,109.0
2025-01-14,3.906,2.327,3.032,10.193,117.318,105.21,632.1,109.14
2025-01-15,3.883,2.309,3.041,10.2,117.603,105.28,636.84,109.32
2025-01-16,3.885,2.319,3.071,10.175,117.512,105.13,639.12,109.31
2025-01-17,3.898,2.336,3.054,10.192,117.452,105.23,640.68,109.035
2025-01-20,3.917,2.349,3.043,10.188,117.297,105.2,639.8,109.05
2025-01-21,3.922,2.364,3.027,10.186,117.45,105.22,639.78,109.24
2025-01-22,3.886,2.345,3.003,10.187,117.497,105.23,645.46,109.15
2025-01-23,3.897,2.333,3.052,10.185,117.367,105.2,646.2,109.105
2025-01-24,3.929,2.38,3.067,10.183,117.247,105.24,648.9,109.115
2025-01-27,3.907,2.336,3.105,10.196,117.62,105.31,647.54,109.34
2025-02-05,3.887,2.352,3.043,10.196,117.779,105.34,670.64,109.435
2025-02-06,3.932,2.415,3.041,10.203,117.842,105.38,668.46,109.535
2025-02-07,3.988,2.455,3.054,10.214,117.881,105.44,669.9,109.405
2025-02-10,3.992,2.483,3.047,10.214,117.752,105.44,679.08,109.225
2025-02-11,3.976,2.478,3.06,10.214,117.768,105.42,685.74,109.305
2025-02-12,4.014,2.515,3.062,10.213,117.775,105.43,681.22,109.145
2025-02-13,4.004,2.491,3.065,10.208,117.735,105.42,684.56,109.115
2025-02-14,4.034,2.5,3.068,10.2,117.54,105.38,688.4,108.86
2025-02-17,4.041,2.511,3.055,10.194,117.368,105.34,677.1,108.695
2025-02-18,4.012,2.461,3.053,10.191,117.177,105.3,682.82,108.595
2025-02-19,4.033,2.516,3.035,10.186,117.225,105.3,687.8,108.685
2025-02-20,4.021,2.533,3.022,10.176,117.114,105.21,690.0,108.42
2025-02-21,4.075,2.581,3.0,10.165,116.845,105.01,684.44,108.16
2025-02-24,4.062,2.585,2.996,10.127,116.268,104.77,685.98,107.87
2025-02-25,4.021,2.574,2.975,10.13,116.547,105.01,685.58,108.065
2025-02-26,4.054,2.614,3.001,10.156,116.7,105.03,679.42,108.18
2025-02-27,4.067,2.6,3.028,10.149,116.55,105.02,677.0,108.065
2025-02-28,3.994,2.511,3.01,10.15,116.605,104.98,672.12,108.255
2025-03-03,3.981,2.508,2.997,10.16,116.818,105.09,672.4,108.455
2025-03-04,3.977,2.541,2.996,10.162,116.818,105.07,676.82,108.4
2025-03-05,3.994,2.558,3.004,10.165,116.916,105.09,682.16,108.51
2025-03-06,4.049,2.614,2.998,10.159,116.68,105.02,680.64,108.245
2025-03-07,4.039,2.603,2.997,10.143,116.309,104.97,679.48,107.635
2025-03-10,4.023,2.606,3.001,10.14,116.102,104.94,681.5,107.69
2025-03-11,4.035,2.624,3.022,10.114,115.634,104.89,677.56,107.235
2025-03-12,4.025,2.628,3.018,10.132,115.819,104.95,679.56,107.675
2025-03-13,4.005,2.588,3.046,10.149,115.993,105.0,684.5,107.62
2025-03-14,4.106,2.631,3.068,10.15,115.826,105.0,694.96,107.58
2025-03-17,4.094,2.634,3.077,10.139,115.608,104.97,695.94,107.075
2025-03-18,4.103,2.645,3.065,10.143,115.518,104.95,700.7,107.24
2025-03-19,4.109,2.627,3.066,10.146,115.51,105.001,707.34,107.22
2025-03-20,4.076,2.616,3.061,10.164,115.898,105.076,708.5,107.53
2025-03-21,4.01,2.562,3.055,10.174,115.932,105.112,706.96,107.415
2025-03-24,4.027,2.542,3.078,10.17,115.909,105.163,707.14,107.595
2025-03-25,4.029,2.525,3.1,10.184,116.116,105.202,706.76,107.675
2025-03-26,4.013,2.533,3.101,10.186,116.258,105.211,709.02,107.995
2025-03-27,4.027,2.533,3.099,10.191,116.268,105.286,710.3,107.89
2025-03-28,4.008,2.507,3.082,10.19,116.21,105.33,722.8,107.875
2025-03-31,3.984,2.492,3.073,10.194,116.177,105.335,729.8,107.87
2025-04-01,3.982,2.503,3.097,10.199,116.16,105.317,736.3,107.76
2025-04-02,3.979,2.511,3.112,10.207,116.303,105.383,733.6,108.05
2025-04-03,3.959,2.482,3.117,10.234,116.888,105.543,739.04,108.575
2025-04-07,3.695,2.234,2.938,10.259,117.324,105.803,718.18,109.18
2025-04-08,3.73,2.219,3.003,10.242,117.11,105.621,719.22,108.9
2025-04-09,3.766,2.258,3.007,10.234,117.024,105.625,728.14,109.045
2025-04-10,3.829,2.313,3.038,10.239,117.256,105.615,744.48,109.035
2025-04-11,3.84,2.343,3.023,10.234,117.286,105.624,757.3,108.95
